MINUTO ,ACCION,EQUIPO,#,OBSERVACION,EJECUCION ,FORZADO ,
2,KICK-OFF,VALLE,3,TECNICA,REGULAR ,NO,I
10,ERROR TACTICO,ATLANTICO,4,TACTICA,MALO,NO,
12,ERROR DE MANOS ,VALLE,7,TECNICA,MALO ,NO,
33,SCRUM,ATLANTICO,1,REGLAMENTO,MALO ,NO,
51,FREE-KICK,VALLE,4,REGLAMENTO,BUENO,SI,
106,TRY,VALLE,7,TACTICA,BUENO,SI,
110,CONVERSIÓN,VALLE,4,TECNICA,MALO ,SI,
140,KICK-OFF,VALLE,1,TACTICA,MALO ,SI,I
214,KNOCK-ON,ATLANTICO,2,FISICO ,MALO ,SI,
223,SCRUM,VALLE,4,REGLAMENTO,MALO ,NO,
242,FREE-KICK,ATLANTICO,4,TACTICA,BUENO,NO,
245,JUEGO RAPIDO ,ATLANTICO,2,TACTICA,REGULAR,NO,
301,DUELO ,ATLANTICO,6,TECNICA,BUENO,NO,
310,TRY,ATLANTICO,6,TACTICA,BUENO,SI,
328,CONVERSIÓN,ATLANTICO,4,TECNICA,BUENO,NO,
350,KICK-OFF,ATLANTICO,4,TACTICA,BUENO,NO,I
411,KNOCK-ON,ATLANTICO,7,TECNICA,MALO ,NO,
412,LINE OUT,VALLE,4,REGLAMENTO,MALO ,NO,
437,PENAL,VALLE,2,REGLAMENTO,MALO ,NO,
441,JUEGO RAPIDO ,ATLANTICO,2,TACTICA,REGULAR,NO,
510,COMPLETA ,ATLANTICO,7,TACTICA,BUENO,SI,
512,ERROR TACTICO,VALLE,6,TACTICA,MALO ,NO,
514,TRY,ATLANTICO,6,TACTICA,REGULAR,SI,
520,CONVERSIÓN,ATLANTICO,4,TECNICA,MALO ,SI,
608,KICK-OFF,ATLANTICO,2,TACTICA,REGULAR,NO,I
613,ERROR TACTICO,VALLE,5,COMUNICACION ,MALO ,NO,
628,COMPLETA ,VALLE,7,TACTICA,BUENO,NO,
640,KNOCK-ON,VALLE,5,TECNICA,MALO ,NO,
,,,,,,,
1,KICK-OFF,ATLANTICO,2,TACTICA,REGULAR,NO,D
13,ERROR DE MANOS ,VALLE,5,TECNICA,MALO ,SI,
20,LINE OUT,ATLANTICO,4,TACTICA,MALO ,NO,
43,ERROR DE MANOS ,ATLANTICO,4,TECNICA,MALO ,NO,
48,PENAL,VALLE,6,TECNICA,MALO ,SI,
49,JUEGO RAPIDO ,ATLANTICO,6,TACTICA,REGULAR,NO,
104,COMPLETA ,ATLANTICO,7,TACTICA,BUENO,NO,
120,ERROR DE MANOS ,ATLANTICO,5,TECNICA,MALO ,NO,
142,PENAL,VALLE,5,REGLAMENTO,REGULAR,SI,
151,JUEGO RAPIDO ,ATLANTICO,5,TACTICA,BUENO,NO,
205,VUELTA,ATLANTICO,3,TACTICA,REGULAR,SI,
210,TRY,ATLANTICO,6,TACTICA,BUENO,SI,
228,CONVERSIÓN,ATLANTICO,4,TECNICA,MALO ,SI,
255,KICK-OFF,ATLANTICO,1,TACTICA,REGULAR,NO,D
308,COMPLETA ,VALLE,7,TACTICA,BUENO,NO,
317,ERROR DE MANOS ,VALLE,5,TECNICA,MALO ,NO,
330,QUIEBRE,VALLE,5,TACTICA,BUENO,SI,
348,TRY,VALLE,6,TACTICA,BUENO,SI,
410,CONVERSIÓN,VALLE,5,TECNICA,BUENO,NO,
458,KICK-OFF,VALLE,4,TECNICA,MALO ,SI,I
510,SCRUM,ATLANTICO,4,TECNICA,MALO ,NO,
600,KNOCK-ON,VALLE,7,TECNICA,MALO ,SI,
610,SCRUM,ATLANTICO,4,TACTICA,REGULAR,SI,
622,PENAL,VALLE,1,FISICO ,MALO ,SI,
630,SCRUM,ATLANTICO,2,TACTICA,MALO ,SI,
703,ERROR DE MANOS ,ATLANTICO,4,TECNICA,MALO ,SI,
,,,,,,,
MINUTO ,ACCION,EQUIPO,#,OBSERVACION,EJECUCION ,FORZADO ,
1,KICK-OFF,BOLIVAR ,2,TECNICA,REGULAR,SI,I
20,ERROR TACTICO,NORTE,5,COMUNICACION ,MALO ,NO,
38,JUEGO RAPIDO ,BOLIVAR ,4,TACTICA,REGULAR,NO,
47,KNOCK-ON,BOLIVAR ,6,TECNICA,MALO ,SI,
118,TRY,NORTE,7,TACTICA,BUENO,SI,
132,CONVERSIÓN,NORTE,4,TECNICA,MALO ,SI,
211,KICK-OFF,NORTE,2,TECNICA,BUENO,NO,I
220,KNOCK-ON,BOLIVAR ,5,TECNICA,MALO ,NO,
242,JUEGO SUCIO,NORTE,4,TECNICA,BUENO,NO,
256,COMPLETA ,NORTE,7,TACTICA,REGULAR,NO,
304,TRY,NORTE,4,TACTICA,BUENO,SI,
320,CONVERSION,NORTE,4,TECNICA,BUENO,NO,
340,KICK-OFF,NORTE,1,TECNICA,BUENO,SI,I
427,ERROR DE MANOS ,BOLIVAR ,6,TECNICA,MALO ,NO,
435,VUELTA,BOLIVAR ,4,TACTICA,REGULAR,NO,
450,PENAL,NORTE,4,REGLAMENTO,MALO ,SI,
456,JUEGO RAPIDO ,BOLIVAR ,4,TACTICA,REGULAR,NO,
510,PENAL,NORTE,5,FISICO ,MALO ,SI,
530,PENAL,BOLIVAR ,4,FISICO ,MALO ,NO,
610,LINE OUT,NORTE,1,TACTICA,REGULAR,NO,
628,ERROR DE MANOS ,NORTE,2,TECNICA,MALO ,NO,
633,ERROR TACTICO,BOLIVAR ,4,COMUNICACION ,MALO ,NO,
640,PENAL,NORTE,5,REGLAMENTO,MALO ,NO,
650,JUEGO RAPIDO ,BOLIVAR ,5,TACTICA,REGULAR,NO,
700,PENAL AMARILLA ,NORTE,4,REGLAMENTO,MALO ,NO,
703,JUEGO RAPIDO ,BOLIVAR ,6,TACTICA,BUENO,NO,
,,,,,,,
MINUTO ,ACCION,EQUIPO,#,OBSERVACION,EJECUCION ,FORZADO ,
1,KICK-OFF,NORTE,4,TECNICA,REGULAR,NO,I
20,KNOCK-ON,BOLIVAR ,6,TECNICA,MALO ,NO,
40,SCRUM,NORTE,4,REGLAMENTO,MALO ,NO,
103,FREE-KICK,BOLIVAR ,4,REGLAMENTO,REGULAR,NA,
103,JUEGO RAPIDO ,BOLIVAR ,4,TACTICA,REGULAR,NO,
107,COMPLETA ,BOLIVAR ,7,TACTICA,BUENO,NO,
120,PENAL,NORTE,7,REGLAMENTO,MALO ,SI,
143,PENAL,BOLIVAR ,4,REGLAMENTO,MALO ,NO,
150,JUEGO RAPIDO ,NORTE,4,TACTICA,REGULAR,SI,
151,JUEGO CON EL PIE ,NORTE,4,TACTICA,BUENO,NO,
202,SALIDA 22,BOLIVAR ,5,TECNICA,REGULAR,NO,
247,TRY,NORTE,6,FISICO ,BUENO,SI,
300,CONVERSIÓN,NORTE,4,TECNICA,BUENO,NO,
330,KICK-OFF,NORTE,2,TECNICA,MALO ,SI,I
401,VUELTA,BOLIVAR ,4,TACTICA,BUENO,SI,
414,PENAL,NORTE,4,REGLAMENTO,MALO ,NO,
427,JUEGO RAPIDO ,BOLIVAR ,6,TACTICA,REGULAR,NO,
433,VUELTA,BOLIVAR ,5,TACTICA,REGULAR,NO,
455,ERROR DE MANOS ,NORTE,4,TECNICA,MALO ,NO,
500,SCRUM,NORTE,4,REGLAMENTO,MALO ,NO,
535,FREE-KICK,BOLIVAR ,4,REGLAMENTO,NA,NA,
536,JUEGO RAPIDO ,BOLIVAR ,6,TACTICA,BUENO,NO,
550,SCRUM,BOLIVAR ,4,REGLAMENTO,MALO ,SI,
620,PENAL,BOLIVAR ,4,TECNICA,MALO ,NO,
630,LINE OUT,NORTE,1,TACTICA,BUENO,NO,
705,PENAL,NORTE,6,REGLAMENTO,MALO ,NO,
712,JUEGO RAPIDO ,BOLIVAR ,6,TACTICA,BUENO,NO,
725,COMPLETA ,BOLIVAR ,7,TACTICA,MALO ,SI,
,,,,,,,
MINUTO ,ACCION,EQUIPO,#,OBSERVACION,EJECUCION ,FORZADO ,
1,KICK-OFF,RISARALDA,4,TECNICA,BUENO,SI,D
10,ERROR DE MANOS ,RISARALDA,7,TECNICA,BUENO,NO,
11,ERROR DE MANOS ,SANTANDER,4,DESICION ,MALO ,NO,
23,VUELTA,RISARALDA,4,TACTICA,REGULAR,SI,
26,JUEGO CON EL PIE ,RISARALDA,7,TACTICA,MALO ,NO,
100,PENAL,RISARALDA,6,TACTICA,MALO ,NO,
112,LINE OUT,SANTANDER,1,TECNICA,MALO ,SI,
148,VUELTA,SANTANDER,4,TACTICA,MALO ,NO,
153,PENAL,RISARALDA,4,REGLAMENTO,MALO ,NO,
218,JUEGO RAPIDO ,SANTANDER,4,TACTICA,REGULAR,NO,
230,VUELTA,SANTANDER,5,TACTICA,BUENO,NO,
234,TRY,SANTANDER,4,REGLAMENTO,BUENO,SI,
240,CONVERSIÓN,SANTANDER,4,TECNICA,BUENO,NO,
310,KICK-OFF,SANTANDER,3,TECNICA,REGULAR,NO,D
340,KNOCK-ON,RISARALDA,7,TECNICA,MALO ,NO,
427,ERROR DE MANOS ,SANTANDER,4,TECNICA,MALO ,SI,
450,ERROR DE MANOS ,RISARALDA,4,DESICION ,MALO ,NO,
500,ERROR TACTICO,RISARALDA,4,COMUNICACION ,MALO ,NO,
503,PENAL AMARILLA ,SANTANDER,5,REGLAMENTO,MALO ,NO,
510,SCRUM,RISARALDA,4,TACTICA,BUENO,NO,
540,COMPLETA ,RISARALDA,7,TACTICA,REGULAR,NO,
553,ERROR DE MANOS ,RISARALDA,7,TECNICA,MALO ,NO,
605,LINE OUT,SANTANDER,2,REGLAMENTO,MALO ,NO,
630,SCRUM,RISARALDA,4,REGLAMENTO,MALO ,NO,
655,ERROR DE MANOS ,RISARALDA,7,TECNICA,MALO ,NO,
710,ERROR DE MANOS ,RISARALDA,7,TECNICA,MALO ,NO,
730,VUELTA,RISARALDA,4,TACTICA,MALO ,NO,
734,TRY,RISARALDA,4,FISICO ,BUENO,SI,
749,CONVERSIÓN,RISARALDA,4,TECNICA,BUENO,NO,
1,KICK-OFF,RISARALDA,0,TECNICA,REGULAR,NO,C
24,ERROR TACTICO,SANTANDER,2,COMUNICACION ,MALO ,NO,
28,JUEGO RAPIDO ,RISARALDA,4,TACTICA,BUENO,NO,
34,COMPLETA ,RISARALDA,7,TACTICA,BUENO,NO,
48,PENAL,SANTANDER,5,REGLAMENTO,MALO ,NO,
49,JUEGO RAPIDO ,RISARALDA,2,TACTICA,MALO ,NO,
55,PENAL AMARILLA ,SANTANDER,4,FISICO ,MALO ,NO,
118,PENAL,RISARALDA,5,TECNICA,MALO ,NO,
128,LINE OUT,SANTANDER,1,TACTICA,REGULAR,NO,
204,ERROR DE MANOS ,SANTANDER,4,TECNICA,MALO ,NO,
211,ERROR DE MANOS ,RISARALDA,4,TECNICA,MALO ,NO,
220,JUEGO CON EL PIE ,RISARALDA,5,TACTICA,REGULAR,NO,
224,LINE OUT,SANTANDER,2,TACTICA,MALO ,NO,
309,SCRUM,RISARALDA,4,REGLAMENTO,MALO ,NO,
334,FREE-KICK,SANTANDER,4,TECNICA,MALO ,NO,
340,LINE OUT,RISARALDA,1,TECNICA,MALO ,NO,
426,ERROR DE MANOS ,SANTANDER,5,TECNICA,MALO ,NO,
449,VENTAJA,SANTANDER,4,TACTICA,REGULAR,NO,
505,PENAL,RISARALDA,5,TECNICA,MALO ,NO,
510,JUEGO RAPIDO ,SANTANDER,5,TACTICA,BUENO,NO,
520,TRY,SANTANDER,6,FISICO ,BUENO,SI,
535,CONVERSIÓN,SANTANDER,4,TECNICA,MALO ,SI,
608,KICK-OFF,SANTANDER,0,TACTICA,BUENO,SI,C
625,ERROR DE MANOS ,RISARALDA,4,TECNICA,MALO ,NO,
631,PENAL,SANTANDER,4,REGLAMENTO,MALO ,NO,
638,ERROR DE MANOS ,RISARALDA,6,TECNICA,MALO ,NO,
655,LINE OUT,SANTANDER,2,TECNICA,BUENO,NO,
713,VENTAJA,SANTANDER,6,TACTICA,REGULAR,NO,
727,COMPLETA ,SANTANDER,7,TACTICA,BUENO,NO,
730,JUEGO CON EL PIE ,SANTANDER,7,TECNICA,REGULAR,NO,
,,,,,,,
,,,,,,,
MINUTO ,ACCION,EQUIPO,#,OBSERVACION,EJECUCION ,FORZADO ,
1,KICK-OFF,ANTIOQUIA ,-,TECNICA,MALO ,NO,
10,FREE-KICK,META,4,TACTICA,BUENO,NO,
57,ERROR DE MANOS ,META,6,TECNICA,MALO ,SI,
111,KNOCK-ON,META,5,TECNICA,MALO ,NO,
117,SCRUM,ANTIOQUIA ,1,TECNICA,BUENO,SI,
150,TRY,ANTIOQUIA ,4,FISICO ,BUENO,NO,
200,CONVERSION,ANTIOQUIA ,5,TECNICA,MALO ,SI,
230,KICK-OFF,ANTIOQUIA ,4,TECNICA,BUENO,NO,
304,ERROR DE MANOS ,ANTIOQUIA ,5,TECNICA,MALO ,NO,
307,TRY,ANTIOQUIA ,7,FISICO ,BUENO,SI,
320,CONVERSIÓN,ANTIOQUIA ,7,TECNICA,MALO ,SI,
350,KICK-OFF,ANTIOQUIA ,4,TECNICA,BUENO,NO,
400,ERROR DE MANOS ,ANTIOQUIA ,7,TECNICA,REGULAR,SI,
438,KNOCK-ON,ANTIOQUIA ,6,TECNICA,MALO ,NO,
450,SCRUM,META,4,TACTICA,REGULAR,NO,
512,PENAL,ANTIOQUIA ,1,TECNICA,MALO ,NO,
524,JUEGO SUCIO,META,1,TACTICA,BUENO,NO,
550,ERROR DE MANOS ,META,4,TECNICA,MALO ,NO,
610,QUIEBRE,ANTIOQUIA ,5,FISICO ,BUENO,NO,
620,TRY,ANTIOQUIA ,5,TECNICA,BUENO,SI,
650,CONVERSION,ANTIOQUIA ,7,TECNICA,BUENO,NO,
720,KICK-OFF,ANTIOQUIA ,1,TECNICA,BUENO,NO,
726,VUELTA,META,4,TACTICA,REGULAR,NO,
734,ERROR DE MANOS ,META,7,TACTICA,MALO ,NO,
746,VUELTA,ANTIOQUIA ,6,TACTICA,REGULAR,NO,
750,COMPLETA ,ANTIOQUIA ,7,TACTICA,BUENO,NO,
758,TRY,ANTIOQUIA ,7,TACTICA,BUENO,SI,
805,CONVERSIÓN,ANTIOQUIA ,4,TECNICA,MALO ,SI,
1,KICK-OFF,META,0,TECNICA,MALO ,NO,
10,FREE-KICK,ANTIOQUIA ,4,TACTICA,BUENO,NO,
24,QUIEBRE,ANTIOQUIA ,5,FISICO ,BUENO,NO,
30,TRY,ANTIOQUIA ,5,FISICO ,BUENO,SI,
50,CONVERSION,ANTIOQUIA ,4,TECNICA,BUENO,NO,
110,KICK-OFF,ANTIOQUIA ,4,TECNICA,BUENO,NO,
118,ERROR DE MANOS ,META,7,TACTICA,MALO ,SI,
123,COMPLETA ,ANTIOQUIA ,7,TACTICA,BUENO,NO,
125,TRY,ANTIOQUIA ,7,TACTICA,BUENO,SI,
132,CONVERSION,ANTIOQUIA ,7,TECNICA,MALO ,SI,
210,KICK-OFF,ANTIOQUIA ,4,TECNICA,BUENO,NO,
240,KNOCK-ON,ANTIOQUIA ,5,TECNICA,MALO ,NO,
255,SCRUM,META,4,TECNICA,BUENO,NO,
323,PENAL,ANTIOQUIA ,4,TECNICA,MALO ,NO,
334,SCRUM,META,4,DESICION ,BUENO,NO,
402,PENAL,ANTIOQUIA ,7,REGLAMENTO,MALO ,NO,
412,JUEGO RAPIDO ,META,4,DESICION ,BUENO,NO,
420,JUEGO CON EL PIE ,META,4,TECNICA,BUENO,NO,
434,VENTAJA,META,4,DESICION ,REGULAR,NO,
435,ERROR DE MANOS ,META,5,TECNICA,MALO ,NO,
450,PENAL AMARILLA ,ANTIOQUIA ,4,REGLAMENTO,BUENO,NO,
456,SCRUM,META,4,TECNICA,BUENO,NO,
510,KNOCK-ON,ANTIOQUIA ,5,TECNICA,BUENO,NO,
541,SCRUM,META,4,TACTICA,REGULAR,NO,
615,FREE-KICK,META,4,TACTICA,BUENO,NO,
631,ERROR TACTICO,META,4,COMUNICACION ,MALO ,NO,
650,SCRUM,ANTIOQUIA ,4,TECNICA,BUENO,SI,
721,TRY,ANTIOQUIA ,5,FISICO ,BUENO,SI,
740,CONVERSION,ANTIOQUIA ,4,TECNICA,BUENO,NO,
,,,,,,,
,,,,,,,
MINUTO ,ACCION,EQUIPO,#,OBSERVACION,EJECUCION ,FORZADO ,
1,KICK-OFF,ATLANTICO,-,TECNICA,MALO ,NO,
20,FREE-KICK,NORTE,4,TACTICA,BUENO,NO,
38,ERROR DE MANOS ,NORTE,3,COMUNICACION ,MALO ,NO,
45,TRY,NORTE,4,FISICO ,BUENO,NO,
108,CONVERSIÓN,NORTE,4,TECNICA,BUENO,NO,
130,KICK-OFF,NORTE,4,TECNICA,BUENO,NO,
140,KNOCK-ON,NORTE,7,TECNICA,MALO ,SI,
143,PENAL,NORTE,7,REGLAMENTO,MALO ,NO,
145,JUEGO RAPIDO ,ATLANTICO,1,TACTICA,MALO ,NO,
210,PENAL,ATLANTICO,2,REGLAMENTO,BUENO,SI,
211,PENAL AMARILLA ,ATLANTICO,4,REGLAMENTO,MALO ,NO,
215,JUEGO RAPIDO ,NORTE,2,TACTICA,BUENO,NO,
227,JUEGO CON EL PIE ,NORTE,4,TACTICA,MALO ,NO,
243,ERROR TACTICO,ATLANTICO,2,COMUNICACION ,MALO ,NO,
250,TRY,NORTE,7,FISICO ,BUENO,SI,
300,CONVERSION,NORTE,7,TECNICA,MALO ,SI,
330,KICK-OFF,NORTE,5,TECNICA,BUENO,NO,
350,PENAL,NORTE,4,FISICO ,MALO ,NO,
352,JUEGO RAPIDO ,ATLANTICO,4,TACTICA,BUENO,NO,
353,COMPLETA ,ATLANTICO,7,TACTICA,BUENO,NO,
412,ERROR DE MANOS ,ATLANTICO,7,TECNICA,MALO ,SI,
416,ERROR DE MANOS ,NORTE,6,TECNICA,MALO ,NO,
430,PENAL AMARILLA ,NORTE,7,REGLAMENTO,MALO ,NO,
440,SCRUM,ATLANTICO,4,TECNICA,MALO ,SI,
514,ERROR DE MANOS ,ATLANTICO,6,TACTICA,MALO ,NO,
523,SCRUM,ATLANTICO,4,TECNICA,MALO ,SI,
601,TRY,ATLANTICO,6,FISICO ,BUENO,SI,
617,CONVERSION,ATLANTICO,4,TECNICA,MALO ,SI,
635,KICK-OFF,ATLANTICO,3,TECNICA,BUENO,NO,
651,LINE OUT,NORTE,1,TECNICA,BUENO,NO,
730,JUEGO CON EL PIE ,NORTE,4,TECNICA,BUENO,SI,
743,KNOCK-ON,ATLANTICO,4,TACTICA,MALO ,SI,
1,KICK-OFF,NORTE,4,TECNICA,BUENO,SI,
4,ERROR DE MANOS ,ATLANTICO,2,TECNICA,REGULAR,NO,
34,PENAL,NORTE,6,FISICO ,MALO ,SI,
38,JUEGO RAPIDO ,ATLANTICO,7,TACTICA,REGULAR,NO,
46,VUELTA,ATLANTICO,5,TACTICA,MALO ,NO,
53,VUELTA,ATLANTICO,5,TACTICA,MALO ,NO,
54,ERROR DE MANOS ,ATLANTICO,5,TECNICA,MALO ,NO,
110,PENAL,NORTE,5,TECNICA,MALO ,SI,
111,JUEGO RAPIDO ,ATLANTICO,5,TACTICA,MALO ,NO,
127,PENAL,NORTE,7,REGLAMENTO,MALO ,NO,
128,JUEGO RAPIDO ,ATLANTICO,6,TACTICA,MALO ,NO,
153,PENAL,ATLANTICO,5,FISICO ,REGULAR,SI,
156,JUEGO RAPIDO ,NORTE,5,TACTICA,REGULAR,NO,
159,COMPLETA ,NORTE,7,TACTICA,BUENO,NO,
214,VUELTA,NORTE,3,TACTICA,MALO ,NO,
223,VENTAJA,NORTE,4,TACTICA,MALO ,NO,
229,VUELTA,NORTE,5,TACTICA,BUENO,NO,
248,TRY,NORTE,5,FISICO ,BUENO,SI,
252,CONVERSIÓN,NORTE,4,TECNICA,MALO ,NO,
310,KICK-OFF,NORTE,2,TECNICA,REGULAR,SI,
332,VUELTA,ATLANTICO,3,TACTICA,REGULAR,SI,
336,TRY,NORTE,7,TECNICA,BUENO,SI,
410,CONVERSION,NORTE,4,TECNICA,MALO ,SI,
450,KICK-OFF,NORTE,2,TECNICA,REGULAR,NO,
455,VUELTA,ATLANTICO,5,DESICION ,MALO ,NO,
518,PENAL,ATLANTICO,3,REGLAMENTO,MALO ,SI,
519,JUEGO RAPIDO ,NORTE,1,TACTICA,BUENO,NO,
532,PENAL,NORTE,4,TACTICA,BUENO,NO,
532,SCRUM,ATLANTICO,4,TACTICA,BUENO,NO,
546,VUELTA,ATLANTICO,4,DESICION ,MALO ,NO,
556,KNOCK-ON,ATLANTICO,6,TACTICA,MALO ,NO,
620,VUELTA,NORTE,4,DESICION ,BUENO,SI,
637,CONVERSION,NORTE,4,TACTICA,MALO ,NO,
710,KICK-OFF,NORTE,4,TECNICA,BUENO,NO,
740,PENAL,NORTE,3,TECNICA,MALO ,NO,
742,JUEGO RAPIDO ,ATLANTICO,4,DESICION ,MALO ,NO,
754,VUELTA,ATLANTICO,4,DESICION ,MALO ,NO,
801,ERROR TACTICO,ATLANTICO,5,DESICION ,MALO ,NO,
810,KNOCK-ON,ATLANTICO,4,DESICION ,MALO ,NO,
,,,,,,,
MINUTO ,ACCION,EQUIPO,#,OBSERVACION,EJECUCION ,FORZADO ,
1,KICK-OFF,VALLE,1,TECNICA,MALO ,SI,
40,VUELTA,GUAJIRA,6,TECNICA,MALO ,NO,
41,PENAL,GUAJIRA,7,REGLAMENTO,MALO ,NO,
45,JUEGO RAPIDO ,VALLE,7,DESICION ,BUENO,NO,
53,ERROR TACTICO,VALLE,6,COMUNICACION ,MALO ,NO,
57,PENAL,GUAJIRA,5,FISICO ,MALO ,NO,
58,JUEGO RAPIDO ,VALLE,3,TACTICA,MALO ,NO,
108,COMPLETA ,VALLE,7,TACTICA,BUENO,NO,
112,KNOCK-ON,VALLE,4,TECNICA,MALO ,NO,
130,SCRUM,GUAJIRA,4,TECNICA,BUENO,SI,
207,ERROR TACTICO,GUAJIRA,5,TACTICA,MALO ,NO,
240,ERROR DE MANOS ,VALLE,6,TECNICA,MALO ,NO,
250,PENAL,GUAJIRA,5,REGLAMENTO,MALO ,SI,
310,SCRUM,GUAJIRA,4,TACTICA,BUENO,NO,
333,FREE-KICK,GUAJIRA,4,REGLAMENTO,MALO ,NO,
335,SCRUM,VALLE,4,DESICION ,BUENO,NO,
420,ERROR TACTICO,VALLE,4,COMUNICACION ,MALO ,NO,
427,COMPLETA ,VALLE,7,TACTICA,BUENO,NO,
451,LINE OUT,GUAJIRA,1,TECNICA,BUENO,SI,
523,JUEGO CON EL PIE ,GUAJIRA,4,TECNICA,MALO ,SI,
540,ERROR TACTICO,VALLE,5,COMUNICACION ,MALO ,NO,
552,PENAL,VALLE,6,FISICO ,MALO ,NO,
554,JUEGO RAPIDO ,GUAJIRA,3,TACTICA,REGULAR,NO,
630,TRY,GUAJIRA,5,TACTICA,BUENO,SI,
645,CONVERSION,GUAJIRA,4,TECNICA,BUENO,SI,
710,KICK-OFF,GUAJIRA,1,TECNICA,BUENO,NO,
746,KNOCK-ON,GUAJIRA,4,FISICO ,MALO ,SI,
1,KICK-OFF,GUAJIRA,-,TECNICA,BUENO,NO,
10,JUEGO RAPIDO ,VALLE,4,TACTICA,REGULAR,NO,
15,ERROR DE MANOS ,VALLE,4,TACTICA,MALO ,NO,
17,ERROR DE MANOS ,VALLE,6,DESICION ,MALO ,SI,
25,PENAL,VALLE,7,REGLAMENTO,MALO ,SI,
26,JUEGO RAPIDO ,GUAJIRA,7,TACTICA,BUENO,NO,
33,VUELTA,GUAJIRA,4,DESICION ,REGULAR,NO,
40,PENAL,VALLE,4,FISICO ,MALO ,NO,
42,JUEGO RAPIDO ,GUAJIRA,5,TACTICA,MALO ,NO,
100,COMPLETA ,GUAJIRA,7,TACTICA,BUENO,NO,
100,JUEGO CON EL PIE ,GUAJIRA,7,TECNICA,MALO ,NO,
110,PASS-FORWARD,GUAJIRA,6,TECNICA,MALO ,NO,
120,SCRUM,VALLE,4,REGLAMENTO,BUENO,NO,
136,PENAL,GUAJIRA,4,REGLAMENTO,MALO ,NO,
140,JUEGO RAPIDO ,VALLE,4,TACTICA,BUENO,SI,
142,ERROR DE MANOS ,VALLE,4,TECNICA,MALO ,NO,
144,ERROR DE MANOS ,VALLE,6,TECNICA,MALO ,NO,
151,PENAL,GUAJIRA,4,REGLAMENTO,MALO ,NO,
154,JUEGO RAPIDO ,VALLE,4,TACTICA,MALO ,NO,
206,ERROR TACTICO,GUAJIRA,6,REGLAMENTO,MALO ,NO,
210,JUEGO CON EL PIE ,VALLE,4,TECNICA,MALO ,NO,
218,PENAL AMARILLA ,GUAJIRA,4,REGLAMENTO,MALO ,NO,
225,SCRUM,VALLE,4,TACTICA,BUENO,SI,
246,ERROR DE MANOS ,VALLE,6,TECNICA,MALO ,NO,
250,LINE OUT,GUAJIRA,1,TECNICA,MALO ,NO,
329,SCRUM,VALLE,4,TECNICA,BUENO,SI,
356,ERROR DE MANOS ,VALLE,4,TECNICA,MALO ,SI,
400,ERROR DE MANOS ,VALLE,6,TECNICA,MALO ,SI,
412,PENAL,GUAJIRA,6,REGLAMENTO,MALO ,NO,
414,JUEGO RAPIDO ,VALLE,4,TACTICA,REGULAR,NO,
425,VUELTA,VALLE,6,TACTICA,REGULAR,NO,
428,ERROR DE MANOS ,VALLE,6,TACTICA,MALO ,NO,
444,COMPLETA ,VALLE,7,TACTICA,BUENO,NO,
452,PENAL,GUAJIRA,7,TECNICA,MALO ,NO,
459,JUEGO RAPIDO ,VALLE,6,DESICION ,BUENO,NO,
538,CONVERSION,VALLE,4,TECNICA,MALO ,SI,
550,KICK-OFF,VALLE,2,TECNICA,REGULAR,NO,
610,PENAL,VALLE,6,REGLAMENTO,MALO ,NO,
620,JUEGO RAPIDO ,GUAJIRA,4,TACTICA,REGULAR,NO,
635,COMPLETA ,GUAJIRA,7,TACTICA,BUENO,NO,
642,TRY,GUAJIRA,7,TACTICA,BUENO,NO,
710,CONVERSION,GUAJIRA,4,TECNICA,BUENO,NO,
,,,,,,,
,,,,,,,
MINUTO ,ACCION,EQUIPO,#,OBSERVACION,EJECUCION ,FORZADO ,
1,KICK-OFF,ANTIOQUIA,2,TECNICA,REGULAR,NO,
25,ERROR TACTICO,RISARALDA,7,TACTICA,MALO ,NO,
45,COMPLETA ,RISARALDA,7,TECNICA,REGULAR,NO,
56,KNOCK-ON,RISARALDA,4,TECNICA,MALO ,NO,
110,SCRUM,ANTIOQUIA,4,REGLAMENTO,MALO ,NO,
124,JUEGO RAPIDO ,RISARALDA,4,TACTICA,REGULAR,NO,
135,PENAL AMARILLA ,ANTIOQUIA,6,REGLAMENTO,MALO ,NO,
150,JUEGO RAPIDO ,RISARALDA,4,TACTICA,REGULAR,NO,
156,PENAL,RISARALDA,6,TACTICA,MALO ,NO,
156,JUEGO RAPIDO ,ANTIOQUIA,4,TACTICA,BUENO,NO,
203,COMPLETA ,ANTIOQUIA,7,TACTICA,REGULAR,NO,
216,TRY,ANTIOQUIA,4,FISICO ,BUENO,NO,
230,CONVERSION,ANTIOQUIA,7,TECNICA,BUENO,NO,
241,KICK-OFF,ANTIOQUIA,4,TECNICA,BUENO,NO,
317,TRY,ANTIOQUIA,5,TACTICA,BUENO,SI,
323,CONVERSION,ANTIOQUIA,4,TECNICA,MALO ,SI,
345,KICK-OFF,ANTIOQUIA,2,TECNICA,BUENO,NO,
404,ERROR DE MANOS ,RISARALDA,7,TECNICA,MALO ,NO,
420,ERROR DE MANOS ,ANTIOQUIA,2,COMUNICACION ,MALO ,NO,
428,ERROR DE MANOS ,ANTIOQUIA,6,TECNICA,MALO ,NO,
432,TRY,ANTIOQUIA,7,FISICO ,BUENO,SI,
443,CONVERSION,ANTIOQUIA,7,TECNICA,MALO ,NO,
518,KICK-OFF,ANTIOQUIA,-,TECNICA,MALO ,NO,
543,JUEGO RAPIDO ,RISARALDA,4,TACTICA,REGULAR,NO,
601,KNOCK-ON,RISARALDA,4,TECNICA,MALO ,NO,
617,SCRUM,ANTIOQUIA,4,TACTICA,BUENO,NO,
637,TRY,ANTIOQUIA,5,FISICO ,BUENO,SI,
640,CONVERSIÓN,ANTIOQUIA,4,TECNICA,BUENO,NO,
710,KICK-OFF,ANTIOQUIA,-,TECNICA,MALO ,NO,
729,JUEGO RAPIDO ,RISARALDA,4,TACTICA,BUENO,NO,
737,ERROR DE MANOS ,RISARALDA,5,TECNICA,MALO ,NO,
745,PENAL,RISARALDA,5,REGLAMENTO,MALO ,SI,
746,JUEGO RAPIDO ,ANTIOQUIA,1,DESICION ,BUENO,NO,
750,VENTAJA,ANTIOQUIA,5,DESICION ,MALO ,NO,
757,ERROR DE MANOS ,ANTIOQUIA,6,TACTICA,MALO ,NO,
1,KICK-OFF,RISARALDA,0,TACTICA,BUENO,NO,
9,JUEGO RAPIDO ,ANTIOQUIA,4,TACTICA,BUENO,NO,
17,TRY,ANTIOQUIA,5,FISICO ,BUENO,SI,
25,CONVERSION,ANTIOQUIA,4,TECNICA,BUENO,NO,
45,KICK-OFF,ANTIOQUIA,0,TECNICA,BUENO,NO,
110,ERROR DE MANOS ,RISARALDA,3,TECNICA,BUENO,NO,
116,PENAL,ANTIOQUIA,4,REGLAMENTO,MALO ,NO,
118,JUEGO RAPIDO ,RISARALDA,4,DESICION ,REGULAR,NO,
122,ERROR DE MANOS ,RISARALDA,4,TECNICA,MALO ,NO,
141,ERROR DE MANOS ,RISARALDA,3,TECNICA,MALO ,NO,
210,ERROR TACTICO,RISARALDA,3,TECNICA,MALO ,SI,
228,KNOCK-ON,ANTIOQUIA,4,TACTICA,MALO ,NO,
244,SCRUM,RISARALDA,4,TECNICA,BUENO,NO,
303,JUEGO RAPIDO ,RISARALDA,4,TACTICA,BUENO,NO,
308,KNOCK-ON,RISARALDA,5,TACTICA,MALO ,NO,
314,PENAL AMARILLA ,ANTIOQUIA,5,REGLAMENTO,MALO ,NO,
324,JUEGO RAPIDO ,RISARALDA,4,DESICION ,MALO ,NO,
334,PASS-FORWARD,RISARALDA,5,TECNICA,MALO ,NO,
400,SCRUM,ANTIOQUIA,4,TECNICA,BUENO,NO,
416,PENAL,ANTIOQUIA,5,REGLAMENTO,MALO ,NO,
419,JUEGO RAPIDO ,ANTIOQUIA,5,TACTICA,REGULAR,NO,
424,ERROR DE MANOS ,RISARALDA,5,TECNICA,MALO ,NO,
434,JUEGO CON EL PIE ,RISARALDA,4,TACTICA,REGULAR,NO,
442,PENAL,RISARALDA,5,REGLAMENTO,MALO ,NO,
445,JUEGO RAPIDO ,ANTIOQUIA,4,TACTICA,REGULAR,NO,
454,LINE OUT,RISARALDA,-,TACTICA,MALO ,NO,
530,TRY,ANTIOQUIA,2,FISICO ,BUENO,SI,
550,CONVERSIÓN,ANTIOQUIA,4,TECNICA,MALO ,SI,
620,KICK-OFF,ANTIOQUIA,2,TECNICA,BUENO,NO,
633,KNOCK-ON,RISARALDA,1,TECNICA,MALO ,SI,
651,SCRUM,ANTIOQUIA,4,TECNICA,BUENO,NO,
710,TRY,ANTIOQUIA,5,TACTICA,BUENO,SI,
720,CONVERSION,ANTIOQUIA,4,TECNICA,BUENO,NO,
,,,,,,,
,,,,,,,
MINUTO ,ACCION,EQUIPO,#,OBSERVACION,EJECUCION ,FORZADO ,
1,KICK-OFF,SANTANDER,3,TECNICA,MALO ,NO,
20,TRY,BOGOTA,6,FISICO ,BUENO,SI,
43,CONVERSION,BOGOTA,5,TECNICA,BUENO,NO,
110,KICK-OFF,BOGOTA,1,TECNICA,BUENO,NO,
120,PENAL,SANTANDER,7,REGLAMENTO,MALO ,SI,
150,LINE OUT,BOGOTA,1,TECNICA,BUENO,NO,
156,ERROR DE MANOS ,BOGOTA,3,TECNICA,MALO ,NO,
236,TRY,BOGOTA,7,FISICO ,BUENO,SI,
310,CONVERSIÓN,BOGOTA,5,TECNICA,MALO ,SI,
340,KICK-OFF,BOGOTA,2,TECNICA,BUENO,SI,
350,KNOCK-ON,SANTANDER,6,TECNICA,MALO ,SI,
410,SCRUM,BOGOTA,4,TECNICA,BUENO,NO,
453,ERROR DE MANOS ,BOGOTA,6,DESICION ,MALO ,NO,
510,SCRUM,BOGOTA,4,REGLAMENTO,BUENO,NO,
540,VUELTA,BOGOTA,4,DESICION ,BUENO,NO,
601,ERROR TACTICO,BOGOTA,2,COMUNICACION ,MALO ,NO,
620,TRY,BOGOTA,7,TACTICA,BUENO,SI,
630,CONVERSIÓN,BOGOTA,5,TECNICA,MALO ,SI,
650,KICK-OFF,BOGOTA,2,TACTICA,BUENO,NO,
710,ERROR DE MANOS ,SANTANDER,5,TECNICA,MALO ,SI,
720,JUEGO CON EL PIE ,SANTANDER,5,DESICION ,MALO ,NO,
1,KICK-OFF,BOGOTA,-,TECNICA,MALO ,NO,
28,ERROR DE MANOS ,SANTANDER,5,DESICION ,MALO ,NO,
50,JUEGO AL PIE ,SANTANDER,4,TACTICA,MALO ,NO,
118,KNOCK-ON,BOGOTA,6,TECNICA,MALO ,NO,
130,SCRUM,SANTANDER,4,TECNICA,BUENO,NO,
150,JUEGO CON EL PIE ,SANTANDER,4,TACTICA,MALO ,NO,
158,LINE OUT,BOGOTA,1,TECNICA,BUENO,NO,
234,QUIEBRE,BOGOTA,4,TACTICA,BUENO,SI,
240,TRY,BOGOTA,4,FISICO ,BUENO,SI,
310,CONVERSION,BOGOTA,5,TECNICA,BUENO,NO,
332,KICK-OFF,BOGOTA,-,TECNICA,MALO ,NO,
410,JUEGO RAPIDO ,SANTANDER,4,TACTICA,BUENO,NO,
427,PENAL,BOGOTA,5,REGLAMENTO,MALO ,SI,
432,JUEGO AL PIE ,SANTANDER,4,TECNICA,MALO ,NO,
455,VUELTA,BOGOTA,5,DESICION ,REGULAR,NO,
506,TRY,BOGOTA,5,FISICO ,BUENO,SI,
520,CONVERSIÓN,BOGOTA,4,TECNICA,BUENO,NO,
540,KICK-OFF,BOGOTA,4,TECNICA,BUENO,NO,
604,VENTAJA,BOGOTA,5,TACTICA,MALO ,SI,
623,ERROR DE MANOS ,BOGOTA,7,TECNICA,MALO ,NO,
648,TRY,BOGOTA,6,TACTICA,BUENO,NO,
700,CONVERSION,BOGOTA,4,TECNICA,BUENO,NO,
,,,,,,,
,,,,,,,
MINUTO ,ACCION,EQUIPO,#,OBSERVACION,EJECUCION ,FORZADO ,
1,KICK-OFF,BOLIVAR,1,TECNICA,MALO ,NO,
30,ERROR DE MANOS ,GUAJIRA,6,TECNICA,MALO ,NO,
38,PENAL,GUAJIRA,6,REGLAMENTO,MALO ,NO,
40,TIRO RAPIDO,GUAJIRA,6,TECNICA,MALO ,NO,
45,VUELTA,GUAJIRA,7,TACTICA,MALO ,NO,
57,TRY,GUAJIRA,7,FISICO ,BUENO,SI,
110,CONVERSIÓN,GUAJIRA,7,TECNICA,BUENO,NO,
122,KICK-OFF,GUAJIRA,-,TACTICA,BUENO,NO,
134,JUEGO RAPIDO ,BOLIVAR,4,TECNICA,BUENO,NO,
201,PENAL,BOLIVAR,4,COMUNICACION ,MALO ,SI,
204,JUEGO RAPIDO ,GUAJIRA,4,TACTICA,BUENO,NO,
210,COMPLETA ,GUAJIRA,7,TECNICA,BUENO,NO,
220,TRY,GUAJIRA,7,TACTICA,BUENO,SI,
240,CONVERSIÓN,GUAJIRA,7,TECNICA,MALO ,NO,
255,KICK-OFF,GUAJIRA,2,TECNICA,MALO ,NO,
304,ERROR DE MANOS ,BOLIVAR,4,TECNICA,MALO ,NO,
305,PENAL,GUAJIRA,5,REGLAMENTO,MALO ,NO,
310,TIRO RAPIDO,GUAJIRA,4,TECNICA,MALO ,NO,
320,ERROR DE MANOS ,GUAJIRA,6,TECNICA,MALO ,NO,
350,SCRUM,BOLIVAR,7,TECNICA,MALO ,NO,
400,COMPLETA ,GUAJIRA,7,TACTICA,BUENO,NO,
415,TRY,GUAJIRA,4,FISICO ,BUENO,NO,
425,CONVERSIÓN,GUAJIRA,4,TECNICA,MALO ,NO,
450,KICK-OFF,GUAJIRA,-,TECNICA,MALO ,NO,
500,JUEGO RAPIDO ,BOLIVAR,4,TECNICA,MALO ,NO,
518,ERROR DE MANOS ,BOLIVAR,7,TECNICA,MALO ,NO,
520,PENAL,GUAJIRA,7,REGLAMENTO,MALO ,NO,
526,JUEGO RAPIDO ,BOLIVAR,6,TACTICA,MALO ,NO,
528,ERROR DE MANOS ,BOLIVAR,2,COMUNICACION ,MALO ,NO,
538,PENAL,GUAJIRA,6,REGLAMENTO,MALO ,NO,
545,JUEGO CON EL PIE ,BOLIVAR,4,TACTICA,BUENO,SI,
604,TRY,BOLIVAR,6,TACTICA,BUENO,SI,
615,CONVERSION,BOLIVAR,-,REGLAMENTO,MALO ,NO,
640,KICK-OFF,BOLIVAR,2,TECNICA,REGULAR,NO,
710,TRY,GUAJIRA,7,FISICO ,BUENO,NO,
720,CONVERSION,GUAJIRA,4,TECNICA,BUENO,NO,
1,KICK-OFF,GUAJIRA,1,TECNICA,BUENO,SI,
12,ERROR DE MANOS ,GUAJIRA,4,COMUNICACION ,MALO ,NO,
20,ERROR DE MANOS ,BOLIVAR,6,TECNICA,MALO ,NO,
36,ERROR DE MANOS ,BOLIVAR,7,TECNICA,MALO ,NO,
50,SCRUM,BOLIVAR,4,TECNICA,MALO ,SI,
117,PENAL,GUAJIRA,6,REGLAMENTO,MALO ,NO,
135,VUELTA,GUAJIRA,6,TACTICA,MALO ,NO,
140,ERROR TACTICO,BOLIVAR,3,COMUNICACION ,MALO ,NO,
147,JUEGO CON EL PIE ,BOLIVAR,4,TECNICA,BUENO,NO,
150,KNOCK-ON,BOLIVAR,7,TECNICA,MALO ,NO,
210,SCRUM,GUAJIRA,1,TECNICA,BUENO,NO,
240,TRY,GUAJIRA,4,FISICO ,BUENO,NO,
250,CONVERSION,GUAJIRA,4,TECNICA,BUENO,NO,
315,KICK-OFF,GUAJIRA,1,TECNICA,BUENO,NO,
342,PENAL AMARILLA ,GUAJIRA,6,FISICO ,MALO ,SI,
410,ERROR DE MANOS ,BOLIVAR,5,TECNICA,MALO ,NO,
430,COMPLETA ,GUAJIRA,7,TACTICA,BUENO,NO,
440,TRY,GUAJIRA,7,FISICO ,BUENO,NO,
500,CONVERSION,GUAJIRA,4,TECNICA,BUENO,NO,
520,KICK-OFF,GUAJIRA,1,TECNICA,BUENO,NO,
535,KNOCK-ON,GUAJIRA,6,TECNICA,MALO ,NO,
610,SCRUM,BOLIVAR,1,TECNICA,MALO ,NO,
610,ERROR DE MANOS ,BOLIVAR,5,TACTICA,MALO ,NO,
615,PENAL,GUAJIRA,6,REGLAMENTO,MALO ,NO,
630,SCRUM,BOLIVAR,1,TECNICA,MALO ,NO,
657,KNOCK-ON,BOLIVAR,4,TECNICA,MALO ,SI,
730,SCRUM,GUAJIRA,1,TECNICA,BUENO,NO,
750,CONVERSION,GUAJIRA,4,TECNICA,BUENO,NO,
,,,,,,,
,,,,,,,
MINUTO ,ACCION,EQUIPO,#,OBSERVACION,EJECUCION ,FORZADO ,
1,KICK-OFF,META,1,TECNICA,BUENO,NO,
18,KNOCK-ON,BOGOTA,7,TECNICA,MALO ,NO,
21,SCRUM,BOGOTA,1,TECNICA,BUENO,NO,
107,ERROR TACTICO,BOGOTA,6,COMUNICACION ,MALO ,NO,
130,SCRUM,BOGOTA,1,TECNICA,MALO ,SI,
150,VENTAJA,BOGOTA,4,TECNICA,REGULAR,NO,
210,COMPLETA ,BOGOTA,7,TECNICA,BUENO,NO,
215,TRY,BOGOTA,7,FISICO ,BUENO,SI,
230,CONVERSION,BOGOTA,4,TECNICA,BUENO,SI,
301,KICK-OFF,BOGOTA,4,TECNICA,BUENO,SI,
410,PENAL,META,6,REGLAMENTO,MALO ,SI,
415,JUEGO RAPIDO ,BOGOTA,3,TACTICA,REGULAR,NO,
430,PENAL,META,3,REGLAMENTO,MALO ,NO,
443,TRY,BOGOTA,5,FISICO ,BUENO,SI,
440,CONVERSION,BOGOTA,4,TECNICA,MALO ,NO,
525,KICK-OFF,BOGOTA,3,TECNICA,BUENO,NO,
555,KNOCK-ON,META,6,TECNICA,MALO ,SI,
607,TRY,BOGOTA,4,TACTICA,MALO ,NO,
630,CONVERSION,BOGOTA,4,TECNICA,MALO ,SI,
650,KICK-OFF,BOGOTA,3,TECNICA,BUENO,NO,
1,KICK-OFF,BOGOTA,1,TACTICA,MALO ,NO,
41,PENAL,META,2,REGLAMENTO,MALO ,NO,
108,JUEGO AL PIE ,BOGOTA,-,TECNICA,MALO ,NO,
130,SCRUM,META,4,TECNICA,BUENO,NO,
143,ERROR DE MANOS ,META,4,TECNICA,MALO ,NO,
215,LINE OUT,BOGOTA,4,TECNICA,MALO ,NO,
238,KNOCK-ON,BOGOTA,1,TECNICA,MALO ,SI,
300,SCRUM,META,4,TECNICA,BUENO,NO,
322,ERROR DE MANOS ,META,4,TECNICA,MALO ,NO,
340,SCRUM,BOGOTA,1,TECNICA,BUENO,NO,
430,PENAL,META,6,REGLAMENTO,MALO ,NO,
457,TRY,BOGOTA,6,TECNICA,BUENO,SI,
512,CONVERSION,BOGOTA,4,TECNICA,MALO ,NO,
530,KICK-OFF,BOGOTA,0,TECNICA,BUENO,NO,
602,PENAL,META,6,FISICO ,MALO ,NO,
624,TRY,BOGOTA,6,TACTICA,BUENO,SI,
634,CONVERSION,BOGOTA,4,TECNICA,BUENO,NO,
655,KICK-OFF,BOGOTA,-,TECNICA,MALO ,NO,
720,JUEGO RAPIDO ,META,4,TACTICA,REGULAR,NO,
725,ERROR DE MANOS ,META,6,COMUNICACION ,MALO ,NO,
741,PENAL,META,5,REGLAMENTO,MALO ,NO,
744,JUEGO RAPIDO ,BOGOTA,5,TACTICA,REGULAR,NO,
755,TRY,BOGOTA,7,TACTICA,BUENO,NO,
816,CONVERSION,BOGOTA,7,TECNICA,MALO ,SI,