MINUTO ,ACCION,EQUIPO,#,OBSERVACION,EJECUCION ,FORZADO ,lado 
9,KICK-OFF,META,2,DESICION ,REGULAR ,,D
17,ERROR DE MANOS ,SANTANDER ,5,TECNICA,MALO,NO,
36,PASE ,META,4,DESICION ,MALO,NO,
43,PENAL,SANTANDER ,4,TACTICA,MALO,NO,
56,JUEGO RAPIDO ,META ,4,DESICION ,MALO,NO,
106,PENAL,META,6,REGLAMENTO,MALO,NO,
123,JUEGO AL PIE ,SANTANDER ,5,TECNICA,REGULAR ,NO,
150,ERROR DE MANOS ,SANTANDER ,2,TECNICA,MALO,NO,
154,PENAL,SANTANDER ,4,TECNICA,MALO,NO,
156,JUEGO RAPIDO ,META,6,TACTICA,REGULAR ,NO,
205,JUEGO AL PIE ,META,7,DESICION ,MALO,NO,
210,JUEGO AL PIE ,SANTANDER ,5,TECNICA,MALO,NO,
221,KNOCK-ON,META,4,TECNICA,MALO,SI,
259,KNOCK-ON,SANTANDER ,4,TECNICA,MALO,NO,
332,PENAL,SANTANDER ,1,TECNICA,MALO,NO,
334,JUEGO RAPIDO ,META,4,TACTICA,REGULAR ,NO,
348,KNOCK-ON,META,7,REGLAMENTO,MALO ,SI,
351,JUEGO RAPIDO ,META,4,DESICION ,,,
401,JUEGO AL PIE ,META,4,TECNICA,MALO,NO,
402,KNOCK-ON,META,4,TECNICA,MALO,NO,
429,PENAL,SANTANDER ,4,REGLAMENTO,BUENO,NO,
444,DUELO ,SANTANDER ,4,TECNICA,MALO,NO,
451,ERROR DE MANOS ,SANTANDER ,6,TECNICA,MALO,NO,
455,PENAL,SANTANDER ,5,REGLAMENTO,MALO,NO,
458,JUEGO RAPIDO ,META,4,DESICION ,REGULAR,NO,
524,PENAL,SANTANDER ,7,FISICO ,MALO,NO,
526,JUEGO RAPIDO ,META,6,DESICION ,MALO,NO,
542,PENAL,META,7,REGLAMENTO ,MALO,NO ,
558,SCRUM,META,4,DESICION ,BUENO ,NO,
730,PENAL ,SANTANDER ,3,FISICO ,MALO ,NO,
734,TRY,META,4,DESICION ,BUENO ,SI,
735,CONVERSION ,META,4,TECNICA,MALO,NO,
12,KICK-OFF,META,-,TECNICA,MALO,NO,I
20,FREE-KICK,SANTANDER ,4,DESICION,REGULAR,SI,
38,PENAL,SANTANDER ,6,TECNICA,MALO,NO,
105,SCRUM,META,4,DESICION ,REGULAR,NO,
117,ERROR TACTICO,SANTANDER ,2,TECNICA,MALO,NO,
119,JUEGO RAPIDO ,META,4,DESICION ,REGULAR ,NO ,
123,ERROR DE MANOS ,META,4,TECNICA,MALO,SI,
135,ERROR DE MANOS ,META,3,TECNICA,MALO,NO,
141,DUELO,META,5,DESICION ,BUENO,SI,
150,DUELO,META,4,DESICION ,MALO,SI,
221,ERROR DE MANOS ,SANTANDER ,4,TECNICA,MALO,NO,
240,PENAL,META,2,TECNICA,MALO,NO,
246,DUELO,SANTANDER ,5,DESICION,MALO,NO,
255,DUELO,SANTANDER ,6,DESICION ,BUENO,NO,
256,DUELO ,SANTANDER ,6,DESICION,BUENO,NO,
257,DUELO ,SANTANDER ,6,DESICION,BUENO,NO,
310,TRY,SANTANDER ,7,DESICION,BUENO,SI,
406,CONVERSION,SANTANDER ,4,TACTICA,MALO,SI,
415,KICK-OFF,SANTANDER ,2,TECNICA,MALO ,NO,
430,JUEGO AL PIE,META,4,TACTICA,MALO,NO,
510,JUEGO RAPIDO ,META,5,DESICION ,BUENO ,NO,
511,TRY,META,5,TACTICA,BUENO,SI,
544,CONVERSION,META,4,TACTICA,BUENO,NO,
610,KICK-OFF,META,1,TACTICA,REGULAR,NO,D
630,JUEGO AL PIE ,SANTANDER ,4,TECNICA,MALO,NO,
705,ERROR DE MANOS ,META,4,TECNICA,MALO,NO,
716,PENAL,SANTANDER ,6,REGLAMENTO,MALO,NO,
741,SCRUM,META,4,DESICION ,BUENO,NO,
750,FREE-KICK,META,4,DESICION ,BUENO,NO,
,,,,,,,
MINUTO ,ACCION,EQUIPO,#,OBSERVACION,EJECUCION ,FORZADO ,
1,JUEGO AL PIE ,BOGOTA,3,TECNICA,REGULAR,NO,I
30,VUELTA,RISALDA,4,DESICION,BUENO,SI,
32,ERROR DE MANOS ,RISALDA,5,TECNICA,MALO,SI,
54,ERROR DE MANOS ,RISALDA,5,TECNICA,MALO,NO,
139,DUELO ,BOGOTA,6,FISICO,BUENO,NO,
140,DUELO ,BOGOTA,7,FISICO,BUENO ,NO ,
153,TRY,BOGOTA,2,DESICION,BUENO,SI,
206,CONVERSION,BOGOTA,5,TECNICA,BUENO,NO,
246,KICK-OFF,BOGOTA,2,TECNICA ,BUENO ,SI,I
251,ERROR DE MANOS ,RISALDA,7,TECNICA,MALO,SI,
300,PENAL,RISALDA,5,TECNICA ,MALO ,NO,
305,JUEGO RAPIDO ,BOGOTA,5,DESICION,REGULAR,NO,
311,VUELTA,BOGOTA,4,DESICION,REGULAR,NO ,
336,JUEGO RAPIDO ,BOGOTA,4,DESICION,REGULAR,NO,
347,DUELO ,BOGOTA,6,FISICO ,BUENO,SI,
356,VUELTA,BOGOTA,4,DESICION,BUENO,SI,
404,CONVERSION ,BOGOTA,5,TECNICA ,BUENO ,NO,
452,KICK-OFF,BOGOTA,4,TECNICA,MALO ,NO,
513,DUELO ,RISALDA,6,DESICION,MALO ,NO ,
516,PENAL,RISALDA,7,TECNICA,MALO ,NO ,
520,JUEGO RAPIDO ,BOGOTA,3,DESICION ,REGULAR ,NO,
546,COMPLETA ,BOGOTA,5,TACTICA,BUENO,NO,
550,PENAL,RISALDA,7,TECNICA,MALO,NO ,
605,SCRUM,BOGOTA,4,TACTICA,BUENO ,NO,
626,FREE-KICK,BOGOTA,2,REGLAMENTO,MALO,SI,
632,JUEGO RAPIDO ,RISALDA,4,TACTICA,MALO,NO,
647,VUELTA,RISALDA,4,TACTICA,REGULAR,NO ,
705,PENAL,BOGOTA,2,REGLAMENTO,MALO,NO ,
725,JUEGO RAPIDO ,RISALDA,2,TACTICA,REGULAR,NO ,
742,DUELO ,RISALDA,7,TECNICA,MALO ,SI ,
,,,,,,,
1,KICK-OFF,RISALDA,3,TECNICA,REGULAR,NO,D
14,ERROR DE MANOS,BOGOTA,3,DESICION,MALO,NO,
30,DUELO,BOGOTA,6,DESICION,BUENO,NO,
31,TRY,BOGOTA,5,TACTICA,BUENO,SI,
54,CONVERSION,BOGOTA,5,TECNICA,BUENO,NO,
129,KICK-OFF,BOGOTA,-,TECNICA,MALO,NO,
138,JUEGO RAPIDO ,RISALDA,4,DESICION,MALO,NO,
152,PENAL,BOGOTA,7,FISICO,MALO,SI,
200,JUEGO RAPIDO,RISALDA,4,DESICION,MALO,NO,
235,PENAL,BOGOTA,3,TECNICA,MALO,SI,
241,JUEGO RAPIDO,RISALDA,4,DESICION,REGULAR,NO,
312,ERROR DE MANOS,RISALDA,4,TECNICA,MALO,NO,
333,ERROR DE MANOS,RISALDA,5,DESICION,MALO,SI,
349,TRY,BOGOTA,2,DESICION,BUENO,NO ,
404,CONVERSION,BOGOTA,2,TECNICA,MALO,NO,
432,KICK-OFF,BOGOTA,0,TECNICA,MALO ,NO,I
451,VUELTA,RISALDA,4,DESICION,MALO,NO,
500,VENTAJA,RISALDA,4,DESICION,MALO,NO,
513,PENAL,RISALDA,7,REGLAMENTO,MALO,NO,
532,SCRUM,BOGOTA,4,DESICION,BUENO,NO,
635,ERROR DE MANOS,BOGOTA,7,DESICION,MALO,NO,
642,JUEGO RAPIDO,BOGOTA,3,DESICION,BUENO,NO,
670,TRY,BOGOTA,7,DESICION,BUENO,NO,
714,CONVERSION,BOGOTA,1,DESICION,MALO,SI,
,,,,,,,
,,,,,,,
MINUTO ,ACCION,EQUIPO,#,OBSERVACION,EJECUCION ,FORZADO ,
1,KICK-OFF,VALLE,3,TECNICA,MALO,NO,D
26,PENAL,VALLE,6,FISICO,MALO,NO,
39,JUEGO RAPIDO ,BOLIVAR,2,TACTICA ,BUENO ,NO,
41,ERROR TACTICO,BOLIVAR,4,COMUNICACION ,MALO,NO,
45,VUELTA ,BOLIVAR,5,TACTICA ,MALO,NO ,
180,ERROR DE MANOS ,BOLIVAR,3,TECNICA,MALO,NO,
120,KNOCK-ON,VALLE,4,TECNICA,MALO,SI,
214,SCRUM,BOLIVAR,1,TECNICA,MALO,NO,
229,TRY,VALLE,4,DESICION,BUENO,SI,
240,CONVERSIÓN,VALLE,5,TECNICA,MALO,NO,
317,KICK-OFF,VALLE,1,TECNICA,REGULAR,SI,D
334,KNOCK-ON,BOLIVAR,2,TECNICA,MALO,SI,
347,SCRUM,VALLE,2,REGLAMENTO ,MALO,NO,
404,JUEGO RAPIDO ,BOLIVAR,6,DESICION,REGULAR,NO,
418,VUELTA ,BOLIVAR,5,DESICION,MALO,NO,
428,JUEGO AL PIE ,BOLIVAR,7,DESICION,REGULAR,SI,
502,TRY,VALLE,5,DESICION,BUENO ,SI,
520,CONVERSION,VALLE,4,TECNICA,MALO,NO,
551,KICK-OFF,VALLE,2,TECNICA,REGULAR,NO,I
558,ERROR DE MANOS ,BOLIVAR,2,TECNICA,MALO,NO,
613,JUEGO AL PIE ,BOLIVAR,4,TECNICA,MALO,NO,
621,TRY,VALLE,5,DESICION,BUENO ,SI,
630,CONVERSION,VALLE,4,TECNICA,BUENO ,NO,
710,KICK-OFF,BOLIVAR,-,TECNICA,REGULAR,NO,I
713,KNOCK-ON,BOLIVAR,4,TACTICA,MALO,NO,
725,VUELTA,VALLE,4,TACTICA,REGULAR,NO,
741,PENAL,BOLIVAR,2,REGLAMENTO ,MALO,NO,
743,ERROR DE MANOS ,VALLE,2,TACTICA,MALO,NO ,
748,KNOCK-ON,VALLE,4,TACTICA ,MALO,NO ,
807,SCRUM,BOLIVAR,2,TACTICA ,MALO,SI,
822,PENAL,BOLIVAR,2,REGLAMENTO ,MALO,NO,
823,JUEGO RAPIDO ,VALLE,4,DESICION,REGULAR,NO,
842,TRY,VALLE,7,TACTICA ,BUENO ,NO,
903,CONVERSION,VALLE,5,TECNICA,MALO,SI,
915,KICK-OFF,VALLE,1,TECNICA,BUENO ,NO,I
953,PENAL,VALLE,5,REGLAMENTO ,MALO,NO,
959,JUEGO CON EL PIE ,BOLIVAR,7,TACTICA ,MALO,NO,
1021,PENAL,BOLIVAR,7,REGLAMENTO ,MALO,N,
1023,SCRUM,VALLE ,5,TACTICA ,REGULAR,NO,
1110,VUELTA,VALLE,7,TACTICA ,REGULAR,NO,
1140,ERROR DE MANOS ,VALLE,6,TACTICA ,MALO,NO,
1147,PENAL,BOLIVAR,7,REGLAMENTO ,MALO,N,
1205,SCRUM,VALLE,1,TACTICA ,BUENO ,NO,
1236,TRY,VALLE,6,TACTICA ,BUENO ,NO,
1258,CONVERSION,VALLE,5,TECNICA,BUENO ,NO,
1317,KICK-OFF,VALLE,-,TECNICA,MALO,N,D
1340,VUELTA,BOLIVAR,6,TACTICA ,REGULAR,NO,
1357,ERROR DE MANOS ,VALLE,6,TECNICA,M,SI,
,,,,,,,
,,,,,,,
MINUTO ,ACCION,EQUIPO,#,OBSERVACION,EJECUCION ,FORZADO ,
1,KICK-OFF,GUAJIRA,3,TECNICA,REGULAR,NO,D
13,ERROR TACTICO,GUAJIRA,4,COMUNICACION ,MALO ,NO,
27,ERROR TACTICO,GUAJIRA,4,COMUNICACION ,MALO ,NO,
44,PENAL,GUAJIRA,2,REGLAMENTO,MALO ,SI,
45,JUEGO RAPIDO ,ATLANTICO,4,DESICION ,REGULAR,NO,
100,COMPLETA ,ATLANTICO,7,DESICION ,BUENO,NO,
101,PENAL,GUAJIRA,5,FISICO ,MALO ,SI,
107,SCRUM,ATLANTICO,4,DESICION ,BUENO,NO,
152,KNOCK-ON,GUAJIRA,5,REGLAMENTO,MALO ,SI,
221,TRY,ATLANTICO,4,DESICION ,BUENO,SI,
222,CONVERSIÓN,ATLANTICO,5,TECNICA,BUENO,NO,
250,KICK-OFF,ATLANTICO,3,TECNICA,BUENO,NO,D
314,COMPLETA ,GUAJIRA,7,TACTICA,BUENO,SI,
329,VUELTA,GUAJIRA,4,TACTICA,MALO ,NO,
335,ERROR DE MANOS ,GUAJIRA,5,TACTICA,MALO ,NO,
348,VUELTA,GUAJIRA,6,TACTICA,REGULAR,NO,
406,KNOCK-ON,GUAJIRA,7,TECNICA,MALO ,SI,
416,KNOCK-ON,GUAJIRA,6,TECNICA,MALO ,SI,
432,PASS-FORWARD,GUAJIRA,5,FISICO ,MALO ,SI,
438,SCRUM,ATLANTICO,4,TACTICA,BUENO,NO,
505,KNOCK-ON,ATLANTICO,4,DESICION ,MALO ,SI,
511,COMPLETA ,GUAJIRA,7,DESICION ,BUENO,NO,
517,PENAL,ATLANTICO,6,REGLAMENTO,MALO ,NO,
520,JUEGO RAPIDO ,GUAJIRA,6,DESICION ,REGULAR,NO,
528,DUELO ,GUAJIRA,6,TACTICA,MALO ,NO,
529,KNOCK-ON,GUAJIRA,7,TACTICA,MALO ,NO,
535,PENAL,GUAJIRA,6,REGLAMENTO,MALO ,NO,
539,PENAL,GUAJIRA,6,REGLAMENTO,MALO ,NO,
551,JUEGO RAPIDO ,ATLANTICO,5,TACTICA,MALO ,NO,
607,ERROR DE MANOS ,ATLANTICO,5,FISICO ,MALO ,SI,
620,ERROR DE MANOS ,GUAJIRA,7,FISICO ,MALO ,SI,
642,PENAL,ATLANTICO,5,REGLAMENTO,MALO ,NO,
659,PENAL,ATLANTICO,6,FISICO ,MALO ,SI,
704,JUEGO RAPIDO ,GUAJIRA,4,DESICION ,MALO ,SI,
713,COMPLETA ,GUAJIRA,7,DESICION ,BUENO,NO,
726,ERROR DE MANOS ,GUAJIRA,5,FISICO ,MALO ,SI,
737,KICK-OFF,GUAJIRA,2,TACTICA,REGULAR,NO,I
738,TORRE,ATLANTICO,1,TACTICA,MALO ,NO,
750,SCRUM,ATLANTICO,4,TACTICA,REGULAR,SI,
826,KNOCK-ON,ATLANTICO,7,FISICO ,REGULAR,SI,
835,COMPLETA ,GUAJIRA,7,TACTICA,REGULAR,NO,
840,PENAL,ATLANTICO,6,FISICO ,MALO ,NO,
848,JUEGO RAPIDO ,GUAJIRA,7,TACTICA,REGULAR,NO,
900,TRY,GUAJIRA,4,TACTICA,BUENO,NO,
911,CONVERSIÓN,GUAJIRA,5,TECNICA,BUENO,NO,
930,KICK-OFF,GUAJIRA,4,TACTICA,BUENO,NO,I
946,KNOCK-ON,GUAJIRA,6,FISICO ,MALO ,SI,
960,SCRUM,ATLANTICO,4,TACTICA,BUENO,NO,
1019,PENAL,GUAJIRA,1,REGLAMENTO,MALO ,NO,
1022,JUEGO RAPIDO ,ATLANTICO,7,TACTICA,REGULAR,NO,
1031,DUELO ,ATLANTICO,5,TACTICA,BUENO,SI,
1032,PASE ,ATLANTICO,6,TACTICA,MALO ,NO,
1033,KNOCK-ON,ATLANTICO,5,TECNICA,MALO ,SI,
1037,PASE ,GUAJIRA,6,TECNICA,MALO ,NO,
1044,SCRUM,GUAJIRA,4,TACTICA,MALO ,SI,
1116,PENAL,GUAJIRA,5,FISICO ,MALO ,SI,
1125,SCRUM,ATLANTICO,4,TACTICA,BUENO,NO,
1144,PENAL,GUAJIRA,4,REGLAMENTO,MALO ,NO,
1156,PENAL ROJA ,GUAJIRA,6,REGLAMENTO,MALO ,SI,
1206,SCRUM,ATLANTICO,4,TACTICA,BUENO,SI,
1242,PENAL,GUAJIRA,6,FISICO ,MALO ,SI,
1243,PENAL AMARILLA ,GUAJIRA,7,REGLAMENTO,MALO ,NO,
1250,SCRUM,ATLANTICO,4,TACTICA,BUENO,NO,
1312,FREE-KICK,ATLANTICO,4,TACTICA,BUENO,SI,
1330,VUELTA,ATLANTICO,5,TACTICA,BUENO,NO,
1331,KNOCK-ON,ATLANTICO,5,DESICION ,MALO ,SI,
1340,SALIDA 22,GUAJIRA,4,TECNICA,MALO ,NO,
1423,TRY,ATLANTICO,6,DESICION ,BUENO,NO,
1433,CONVERSIÓN,ATLANTICO,4,TECNICA,BUENO,NO,
,,,,,,,
MINUTO ,ACCION,EQUIPO,#,OBSERVACION,EJECUCION ,FORZADO ,
1,KICK-OFF,ANTIOQUIA,3,TACTICA,BUENO,NO,I
8,KNOCK-ON,BOGOTA,5,TECNICA,MALO ,SI,
26,COMPLETA ,BOGOTA,7,TACTICA,BUENO,SI,
47,ERROR DE MANOS ,BOGOTA,4,TECNICA,MALO ,SI,
48,VUELTA,BOGOTA,4,TACTICA,MALO ,SI,
123,VUELTA,BOGOTA,5,TACTICA,MALO ,SI,
128,PENAL,BOGOTA,4,FISICO ,MALO ,SI,
133,JUEGO RAPIDO ,ANTIOQUIA,4,TACTICA,REGULAR,NO,
148,ERROR DE MANOS ,ANTIOQUIA,7,TECNICA,MALO ,NO,
155,QUIEBRE ,BOGOTA,6,FISICO ,BUENO,SI,
209,PENAL,ANTIOQUIA,4,FISICO ,MALO ,SI,
215,JUEGO RAPIDO ,BOGOTA,6,TACTICA,REGULAR,NO,
220,VUELTA,BOGOTA,4,TACTICA,REGULAR,NO,
224,TRY,BOGOTA,6,TACTICA,BUENO,SI,hubo una Kind a pantalla del interno del tackleador
225,CONVERSIÓN,BOGOTA,5,FISICO ,MALO ,NO,
316,KICK-OFF,BOGOTA,4,TECNICA,BUENO,NO,I
327,TRY,ANTIOQUIA,7,FISICO ,BUENO,SI,
329,CONVERSIÓN,ANTIOQUIA,4,TECNICA,BUENO,NO,
404,KICK-OFF,ANTIOQUIA,4,TACTICA,BUENO,NO,
426,SCRUM,ANTIOQUIA,4,REGLAMENTO,REGULAR,NO,
441,ERROR DE MANOS ,ANTIOQUIA,5,DESICION ,MALO ,NO,
503,VUELTA,BOGOTA,5,DESICION ,MALO ,NO,
516,PENAL,ANTIOQUIA,4,REGLAMENTO,MALO ,SI,
551,ERROR DE MANOS ,ANTIOQUIA,3,TECNICA,MALO ,NO,
605,PENAL,ANTIOQUIA,4,REGLAMENTO,MALO ,SI,
623,LINE OUT,BOGOTA,4,DESICION ,BUENO,NO,
640,ERROR DE MANOS ,BOGOTA,7,FISICO ,MALO ,NO,
705,PENAL AMARILLA ,BOGOTA,5,REGLAMENTO,MALO ,NO,
719,JUEGO RAPIDO ,ANTIOQUIA,4,DESICION ,REGULAR,NO,
726,ERROR DE MANOS ,ANTIOQUIA,7,TECNICA,MALO ,NO,
,,,,,,,
1,KICK-OFF,BOGOTA,4,TACTICA,BUENO,NO,D
9,KNOCK-ON,ANTIOQUIA,7,TECNICA,MALO ,SI,
18,SCRUM,BOGOTA,4,DESICION ,BUENO,SI,
50,VUELTA,BOGOTA,7,TACTICA,BUENO,NO,
50,PENAL,BOGOTA,5,REGLAMENTO,BUENO,NO,
59,JUEGO RAPIDO ,ANTIOQUIA,7,TACTICA,BUENO,NO,
110,TRY,ANTIOQUIA,7,DESICION ,BUENO,NO,
122,CONVERSIÓN,ANTIOQUIA,4,TACTICA,BUENO,NO,
156,KICK-OFF,ANTIOQUIA,-,TECNICA,BUENO,NO,
206,FREE-KICK,BOGOTA,4,TACTICA,BUENO,SI,
218,VENTAJA,BOGOTA,4,TACTICA,BUENO,NO,
240,PENAL AMARILLA ,ANTIOQUIA,5,REGLAMENTO,MALO ,SI,
244,JUEGO RAPIDO ,BOGOTA,5,DESICION ,MALO ,NO,
259,ERROR DE MANOS ,BOGOTA,5,DESICION ,MALO ,SI,
322,ERROR DE MANOS ,ANTIOQUIA,4,TACTICA,MALO ,NO,
408,SCRUM,ANTIOQUIA,4,REGLAMENTO,REGULAR,SI,
449,JUEGO CON EL PIE ,ANTIOQUIA,4,DESICION ,BUENO,SI,
450,TRY,ANTIOQUIA,2,DESICION ,BUENO,SI,
520,CONVERSIÓN,ANTIOQUIA,4,TACTICA,BUENO,NO,
557,KICK-OFF,ANTIOQUIA,-,TACTICA,MALO ,NO,
610,SCRUM,BOGOTA,4,TACTICA,REGULAR,SI,
645,VUELTA,BOGOTA,4,DESICION ,REGULAR,NO,
651,KNOCK-ON,BOGOTA,4,TECNICA,MALO ,SI,
743,JUEGO RAPIDO ,ANTIOQUIA,4,DESICION ,REGULAR,NO,
755,PENAL,BOGOTA,7,FISICO ,REGULAR,NO,
757,JUEGO RAPIDO ,ANTIOQUIA,4,TACTICA,BUENO,NO,
802,PENAL AMARILLA ,BOGOTA,2,REGLAMENTO,MALO ,SI,
815,ERROR DE MANOS ,ANTIOQUIA,6,TECNICA,MALO ,NO,
825,JUEGO AL PIE ,BOGOTA,5,TACTICA,REGULAR,NO,
847,PENAL,ANTIOQUIA,6,REGLAMENTO,MALO ,SI,
913,VUELTA,BOGOTA,5,TACTICA,REGULAR,SI,
925,TRY,BOGOTA,6,FISICO ,BUENO,NO,
946,CONVERSIÓN,BOGOTA,5,TECNICA,MALO ,NO,
,,,,,,,
,,,,,,,
MINUTO ,ACCION,EQUIPO,#,OBSERVACION,EJECUCION ,FORZADO ,
1,KICK-OFF,RISARALDA,1,TECNICA,BUENO,SI,D
10,ERROR DE MANOS ,META,6,TECNICA,MALO ,NO,
22,ERROR DE MANOS ,RISARALDA,5,TECNICA,MALO ,NO,
31,PENAL,META,6,REGLAMENTO,MALO ,NO,
40,PENAL,META,5,FISICO ,MALO ,NO,
45,JUEGO RAPIDO ,RISARALDA,4,TACTICA,MALO ,NO,
50,PASS-FORWARD,RISARALDA,5,REGLAMENTO,MALO ,NO,
101,JUEGO RAPIDO ,META,4,TACTICA,BUENO,NO,
104,ERROR DE MANOS ,META,6,TACTICA,MALO ,NO,
111,PENAL,RISARALDA,6,FISICO ,MALO ,NO,
113,JUEGO RAPIDO ,META,4,TACTICA,REGULAR,NO,
126,ERROR DE MANOS ,META,7,TACTICA,MALO ,NO,
127,SCRUM,RISARALDA,4,REGLAMENTO,REGULAR,SI,
158,PENAL,META,1,REGLAMENTO,MALO ,NO,
208,SCRUM,RISARALDA,4,DESICION ,BUENO,NO,
238,PENAL,RISARALDA,1,REGLAMENTO,MALO ,NO,
245,JUEGO RAPIDO ,META,4,DESICION ,REGULAR,NO,
255,ERROR DE MANOS ,META,7,TECNICA,MALO ,NO,
305,PENAL AMARILLA ,META,7,REGLAMENTO,MALO ,NO,
310,LINE OUT,RISARALDA,4,REGLAMENTO,BUENO,NO,
348,PENAL,RISARALDA,5,REGLAMENTO,MALO ,NO,
355,SCRUM,META,1,DESICION ,BUENO,SI,
431,VUELTA,META,4,DESICION ,MALO ,NO,
441,LINE OUT,RISARALDA,4,TACTICA,REGULAR,NO,
508,VUELTA,RISARALDA,1,TACTICA,REGULAR,SI,
516,ERROR DE MANOS ,RISARALDA,4,DESICION ,MALO ,NO,
520,SCRUM,META,2,TACTICA,REGULAR,SI,
535,ERROR DE MANOS ,META,4,DESICION ,MALO ,NO,
551,PENAL,RISARALDA,2,REGLAMENTO,MALO ,NO,
554,JUEGO RAPIDO ,META,4,DESICION ,REGULAR,NO,
606,DUELO ,META,6,TACTICA,BUENO,NO,
610,TRY,META,5,TACTICA,BUENO,NO,
622,CONVERSIÓN,META,4,TACTICA,BUENO,NO,
707,KICK-OFF,META,-,TACTICA,REGULAR,SI,
720,DUELO ,RISARALDA,6,TACTICA,BUENO,NO,I
746,ERROR DE MANOS ,RISARALDA,6,TECNICA,MALO ,SI,
755,JUEGO CON EL PIE ,META,7,TACTICA,REGULAR,SI,
825,ERROR DE MANOS ,RISARALDA,6,TECNICA,MALO ,SI,
829,SCRUM,META,1,TACTICA,REGULAR,SI,
901,PENAL,RISARALDA,2,REGLAMENTO,MALO ,NO,
910,JUEGO RAPIDO ,META,4,DESICION ,REGULAR,NO,
928,COMPLETA ,META,7,DESICION ,BUENO,NO,
933,QUIEBRE,META,5,DESICION ,BUENO,SI,
939,JUEGO CON EL PIE ,META,5,DESICION ,BUENO,NO,
952,ERROR DE MANOS ,META,6,TECNICA,MALO ,SI,
1009,COMPLETA ,RISARALDA,7,TACTICA,BUENO,NO,
1018,PENAL AMARILLA ,META,4,REGLAMENTO,MALO ,NO,
1024,JUEGO RAPIDO ,RISARALDA,4,DESICION ,REGULAR,NO,
1025,VUELTA,RISARALDA,4,TACTICA,BUENO,NO,
1033,TRY,RISARALDA,4,DESICION ,BUENO,NO,
1051,CONVERSIÓN,RISARALDA,4,TECNICA,BUENO,NO,
1122,KICK-OFF,RISARALDA,4,TACTICA,BUENO,NO,D
1138,TRY,RISARALDA,6,TACTICA,BUENO,NO,
1150,CONVERSIÓN,RISARALDA,4,TECNICA,BUENO,NO,
1121,KICK-OFF,RISARALDA,4,TACTICA,BUENO,SI,D
1210,TRY,RISARALDA,7,FISICO ,BUENO,NO,
1213,KICK-OFF,RISARALDA,4,TACTICA,BUENO,SI,I
1240,ERROR DE MANOS ,RISARALDA,6,TECNICA,MALO ,NO,
1253,VUELTA,META,6,TACTICA,REGULAR,NO,
1311,COMPLETA ,META,6,DESICION ,BUENO,NO,
1333,COMPLETA ,META,7,TACTICA,BUENO,SI,
1341,VUELTA,META,7,DESICION ,BUENO,NO,
1342,PENAL AMARILLA ,RISARALDA,7,FISICO ,MALO ,SI,
1340,JUEGO RAPIDO ,META,6,TACTICA,REGULAR,NO,
1353,ERROR DE MANOS ,META,5,FISICO ,MALO ,NO,
1358,ERROR DE MANOS ,META,6,DESICION ,MALO ,NO,
1400,PENAL,META,6,TECNICA,MALO ,SI,
1400,SCRUM,RISARALDA,4,DESICION ,BUENO,NO,
,,,,,,,
,,,,,,,
MINUTO ,ACCION,EQUIPO,#,OBSERVACION,EJECUCION ,FORZADO ,
1,KICK-OFF,NORTE,2,TACTICA,REGULAR,SI,I
2,PENAL AMARILLA ,NORTE,6,REGLAMENTO,MALO ,NO,
4,JUEGO RAPIDO ,GUAJIRA,5,TACTICA,REGULAR,NO,
10,COMPLETA ,GUAJIRA,7,TACTICA,BUENO,NO,
28,VUELTA,GUAJIRA,6,TACTICA,BUENO,NO,
50,PENAL,GUAJIRA,6,REGLAMENTO,REGULAR,SI,
58,LINE OUT,NORTE,4,DESICION ,BUENO,NO,
145,PENAL,NORTE,4,REGLAMENTO,BUENO,SI,
148,JUEGO RAPIDO ,GUAJIRA,4,DESICION ,BUENO,NO,
159,ERROR TACTICO,GUAJIRA,6,TACTICA,MALO ,NO,
207,PENAL,GUAJIRA,7,REGLAMENTO,MALO ,NO,
211,JUEGO AL PIE ,NORTE,4,DESICION ,MALO ,NO,
250,COMPLETA ,GUAJIRA,7,TACTICA,BUENO,SI,
259,TRY,GUAJIRA,7,TACTICA,BUENO,NA,
310,CONVERSIÓN,GUAJIRA,4,TECNICA,MALO ,SI,
330,KICK-OFF,GUAJIRA,1,TECNICA,BUENO,SI,D
415,ERROR TACTICO,NORTE,4,TACTICA,MALO ,NO,
422,JUEGO CON EL PIE ,NORTE,5,TACTICA,REGULAR,SI,
440,KNOCK-ON,GUAJIRA,4,TECNICA,MALO ,SI,
450,SCRUM,NORTE,1,REGLAMENTO,MALO ,SI,
520,PASS-FORWARD,GUAJIRA,1,REGLAMENTO,REGULAR,NA,
522,JUEGO RAPIDO ,GUAJIRA,6,TACTICA,REGULAR,NO,
523,VUELTA,GUAJIRA,7,TACTICA,REGULAR,SI,
540,ERROR DE MANOS ,GUAJIRA,5,DESICION ,MALO ,NO,
601,ERROR TACTICO,GUAJIRA,5,TACTICA,MALO ,NO,
620,KNOCK-ON,GUAJIRA,5,TACTICA,MALO ,SI,
654,ERROR TACTICO,NORTE,5,TACTICA,MALO ,NO,
703,PENAL,NORTE,4,TECNICA,REGULAR,SI,
706,JUEGO RAPIDO ,GUAJIRA,5,DESICION ,REGULAR,NO,
710,ERROR DE MANOS ,GUAJIRA,7,TECNICA,MALO ,NO,
1,KICK-OFF,GUAJIRA,3,TECNICA,REGULAR,SI,D
7,JUEGO CON EL PIE ,NORTE,7,DESICION ,REGULAR,NO,
8,PENAL AMARILLA ,GUAJIRA,7,REGLAMENTO,MALO ,NO,
40,LINE OUT,NORTE,4,DESICION ,BUENO,SI,
122,PENAL,GUAJIRA,4,REGLAMENTO,MALO ,NO,
130,JUEGO RAPIDO ,NORTE,4,DESICION ,REGULAR,NO,
145,DUELO ,NORTE,5,DESICION ,BUENO,NO,
146,TRY,NORTE,7,TACTICA,BUENO,SI,
216,CONVERSION,NORTE,4,TECNICA,MALO ,NO,
230,KICK-OFF,NORTE,1,TECNICA,BUENO,SI,I
251,KNOCK-ON,NORTE,6,DESICION ,REGULAR,SI,
303,SCRUM,GUAJIRA,1,REGLAMENTO,MALO ,NO,
318,FREE-KICK,NORTE,2,REGLAMENTO,REGULAR,NA,
341,COMPLETA ,NORTE,7,TACTICA,BUENO,NO,
345,PENAL,GUAJIRA,5,TACTICA,MALO ,NO,
347,JUEGO RAPIDO ,NORTE,5,DESICION ,REGULAR,NO,
350,TRY,NORTE,6,DESICION ,BUENO,SI,
358,CONVERSION,NORTE,4,TECNICA,BUENO,NO,
440,KICK-OFF,NORTE,0,TECNICA,BUENO,SI,I
507,ERROR DE MANOS ,GUAJIRA,6,DESICION ,MALO ,NO,
510,LINE OUT,NORTE,4,REGLAMENTO,MALO ,SI,
524,ERROR DE MANOS ,NORTE,4,TECNICA,MALO ,SI,
526,ERROR TACTICO,GUAJIRA,4,REGLAMENTO,MALO ,NO,
527,FREE-KICK,NORTE,4,REGLAMENTO,REGULAR,NO,
535,JUEGO RAPIDO ,NORTE,6,DESICION ,BUENO,NO,
546,JUEGO CON EL PIE ,NORTE,6,DESICION ,REGULAR,NO,
551,KNOCK-ON,GUAJIRA,5,TECNICA,MALO ,NO,
601,SCRUM,NORTE,4,DESICION ,BUENO,SI,
632,ERROR DE MANOS ,NORTE,5,TECNICA,MALO ,NO,
,,,,,,,
,,,,,,,
MINUTO ,ACCION,EQUIPO,#,OBSERVACION,EJECUCION ,FORZADO ,
1,KICK-OFF,ATLANTICO,0,TECNICA,MALO ,NO,C
21,PASS-FORWARD,ATLANTICO,5,REGLAMENTO,MALO ,SI,
25,JUEGO RAPIDO ,BOLIVAR,5,TACTICA,MALO ,NO,
45,COMPLETA ,BOLIVAR,7,TACTICA,REGULAR,NO,
47,PENAL,ATLANTICO,5,REGLAMENTO,MALO ,NO,
103,COMPLETA ,BOLIVAR,7,TACTICA,REGULAR,NO,
113,LINE OUT,ATLANTICO,7,REGLAMENTO,REGULAR,SI,
142,ERROR DE MANOS ,ATLANTICO,4,DESICION ,MALO ,NO,
153,PENAL,ATLANTICO,5,REGLAMENTO,MALO ,SI,
154,JUEGO RAPIDO ,BOLIVAR,5,TACTICA,MALO ,NO,
159,ERROR DE MANOS ,BOLIVAR,5,TECNICA,MALO ,NO,
203,PASS-FORWARD,BOLIVAR,6,TACTICA,MALO ,NO,
215,SCRUM,ATLANTICO,4,TACTICA,MALO ,SI,
235,FREE-KICK,BOLIVAR,4,REGLAMENTO,REGULAR,NA,
239,JUEGO RAPIDO ,BOLIVAR,5,DESICION ,MALO ,NO,
248,PENAL,BOLIVAR,6,TECNICA,MALO ,NO,
253,JUEGO RAPIDO ,ATLANTICO,5,TACTICA,REGULAR,NO,
300,COMPLETA ,ATLANTICO,7,TACTICA,BUENO,NO,
319,CONVERSIÓN,ATLANTICO,7,TACTICA,MALO ,NO,
320,ERROR DE MANOS ,ATLANTICO,6,DESICION ,MALO ,NO,
330,LINE OUT,BOLIVAR,4,REGLAMENTO,BUENO,SI,
359,FREE-KICK,BOLIVAR,5,REGLAMENTO,BUENO,SI,
410,JUEGO RAPIDO ,BOLIVAR,6,DESICION ,BUENO,NO,
414,DUELO ,BOLIVAR,6,DESICION ,MALO ,NO,
423,LINE OUT,ATLANTICO,4,REGLAMENTO,MALO ,NO,
502,KNOCK-ON,BOLIVAR,4,TACTICA,MALO ,NO,
505,SCRUM,ATLANTICO,4,TACTICA,REGULAR,SI,
529,FREE-KICK,ATLANTICO,4,REGLAMENTO,MALO ,NO,
530,JUEGO RAPIDO ,ATLANTICO,4,DESICION ,BUENO,SI,
531,COMPLETA ,ATLANTICO,7,DESICION ,BUENO,NO,
551,TRY,ATLANTICO,7,DESICION ,BUENO,NA,
603,CONVERSIÓN,ATLANTICO,5,TECNICA,MALO ,NO,
630,KICK-OFF,ATLANTICO,-,TECNICA,MALO ,SI,
643,PASS-FORWARD,BOLIVAR,4,TACTICA,REGULAR,NO,
701,ERROR DE MANOS ,BOLIVAR,6,TECNICA,MALO ,NO,
714,KICK-OFF,BOLIVAR,1,TECNICA,BUENO,SI,D
723,PENAL,ATLANTICO,4,REGLAMENTO,MALO ,NO,
731,SCRUM,ATLANTICO,4,DESICION ,BUENO,NO,
808,ERROR DE MANOS ,ATLANTICO,4,TECNICA,MALO ,NO,
814,ERROR DE MANOS ,ATLANTICO,6,TECNICA,MALO ,NO,
824,ERROR DE MANOS ,ATLANTICO,5,TECNICA,MALO ,NO,
830,KICK-OFF,ATLANTICO,6,TACTICA,MALO ,SI,
843,PENAL,ATLANTICO,5,FISICO ,MALO ,NO,
846,KNOCK-ON,BOLIVAR,5,FISICO ,MALO ,NO,
852,SCRUM,ATLANTICO,4,REGLAMENTO,BUENO,SI,
914,PENAL,BOLIVAR,4,REGLAMENTO,MALO ,NO,
918,JUEGO RAPIDO ,ATLANTICO,2,DESICION ,BUENO,SI,
932,TRY,ATLANTICO,4,DESICION ,BUENO,NO,
947,CONVERSIÓN,ATLANTICO,4,TECNICA,MALO ,NO,
1019,KICK-OFF,ATLANTICO,0,TECNICA,BUENO,SI,I
1044,ERROR TACTICO,BOLIVAR,2,TACTICA,MALO ,NO,
1057,PENAL,BOLIVAR,2,REGLAMENTO,MALO ,NO,
1100,JUEGO RAPIDO ,ATLANTICO,5,DESICION ,REGULAR,NO,
1114,ERROR DE MANOS ,ATLANTICO,7,DESICION ,MALO ,NO,
1118,TRY,ATLANTICO,6,DESICION ,REGULAR,SI,
1150,CONVERSIÓN,ATLANTICO,4,TECNICA,MALO ,SI,
1152,KICK-OFF,ATLANTICO,0,TECNICA,REGULAR,NO,C
1232,PENAL,ATLANTICO,4,REGLAMENTO,REGULAR,SI,
1243,TRY,BOLIVAR,5,DESICION ,BUENO,SI,
1255,CONVERSIÓN,BOLIVAR,5,TECNICA,MALO ,NO,
1318,KICK-OFF,BOLIVAR,3,TECNICA,REGULAR,NO,D
1351,ERROR DE MANOS ,ATLANTICO,7,TECNICA,MALO ,NO,
1409,TRY,ATLANTICO,6,DESICION ,BUENO,SI,
1421,CONVERSIÓN,ATLANTICO,4,TECNICA,MALO ,NO,
,,,,,,,
,,,,,,,
MINUTO ,ACCION,EQUIPO,#,OBSERVACION,EJECUCION ,FORZADO ,
1,KICK-OFF,ANTIOQUIA ,1,TECNICA,BUENO,NO,I
27,ERROR DE MANOS ,SANTANDER,5,TECNICA,MALO ,SI,
35,TRY,ANTIOQUIA ,7,FISICO ,BUENO,SI,
38,CONVERSIÓN,ANTIOQUIA ,4,TECNICA,MALO ,SI,
101,KICK-OFF,ANTIOQUIA ,4,TACTICA,BUENO,SI,
130,ERROR DE MANOS ,SANTANDER,5,TECNICA,MALO ,SI,
150,SCRUM,ANTIOQUIA ,4,REGLAMENTO,BUENO,SI,
219,TRY,ANTIOQUIA ,7,TACTICA,BUENO,SI,
225,CONVERSIÓN,ANTIOQUIA ,4,TECNICA,MALO ,SI,
250,KICK-OFF,ANTIOQUIA ,2,TECNICA,BUENO,SI,I
324,JUEGO CON EL PIE ,ANTIOQUIA ,4,DESICION ,REGULAR,NO,
350,TRY,ANTIOQUIA ,6,FISICO ,BUENO,SI,
355,CONVERSIÓN,ANTIOQUIA ,4,TECNICA,BUENO,NO,
420,KICK-OFF,ANTIOQUIA ,0,TECNICA,BUENO,SI,C
450,TRY,ANTIOQUIA ,6,FISICO ,BUENO,SI,
460,CONVERSIÓN,ANTIOQUIA ,4,TECNICA,BUENO,NO,
530,KICK-OFF,ANTIOQUIA ,-,TECNICA,MALO ,SI,
550,JUEGO RAPIDO ,SANTANDER,4,DESICION ,BUENO,NO,
620,PENAL,SANTANDER,5,REGLAMENTO,MALO ,NO,
630,JUEGO RAPIDO ,ANTIOQUIA ,4,DESICION ,BUENO,NO,
630,COMPLETA ,ANTIOQUIA ,7,TACTICA,BUENO,NO,
641,TRY,ANTIOQUIA ,7,DESICION ,BUENO,SI,
650,CONVERSIÓN,ANTIOQUIA ,4,TECNICA,MALO ,NO,
1,KICK-OFF,SANTANDER,-,TECNICA,MALO ,NO,
15,JUEGO RAPIDO ,ANTIOQUIA ,4,TACTICA,BUENO,NO,
24,PASS-FORWARD,ANTIOQUIA ,5,TECNICA,MALO ,SI,
41,SCRUM,SANTANDER,4,REGLAMENTO,MALO ,SI,
100,ERROR DE MANOS ,ANTIOQUIA ,6,TACTICA,MALO ,NO,
120,TRY,ANTIOQUIA ,7,FISICO ,BUENO,SI,
130,CONVERSIÓN,ANTIOQUIA ,7,TECNICA,BUENO,NO,
155,KICK-OFF,ANTIOQUIA ,4,TECNICA,BUENO,NO,I
216,LINE OUT,SANTANDER,1,REGLAMENTO,BUENO,NO,
254,VENTAJA,SANTANDER,3,TACTICA,MALO ,NO,
258,ERROR DE MANOS ,SANTANDER,3,TECNICA,MALO ,NO,
310,ERROR DE MANOS ,ANTIOQUIA ,5,DESICION ,MALO ,NO,
315,TRY,ANTIOQUIA ,7,FISICO ,BUENO,NO,
330,CONVERSIÓN,ANTIOQUIA ,7,TECNICA,BUENO,SI,
360,KICK-OFF,ANTIOQUIA ,2,TACTICA,BUENO,NO,D
420,ERROR DE MANOS ,SANTANDER,6,TECNICA,MALO ,NO,
447,SCRUM,ANTIOQUIA ,4,TECNICA,MALO ,SI,
452,PASS-FORWARD,ANTIOQUIA ,5,REGLAMENTO,MALO ,NO,
458,ERROR DE MANOS ,SANTANDER,5,TACTICA,MALO ,NO,
502,TRY,ANTIOQUIA ,7,TACTICA,BUENO,SI,
520,CONVERSIÓN,ANTIOQUIA ,7,TECNICA,MALO ,SI,
540,KICK-OFF,ANTIOQUIA ,2,TACTICA,BUENO,NO,I
638,ERROR TACTICO,SANTANDER,7,TACTICA,MALO ,NO,
640,TRY,ANTIOQUIA ,7,TACTICA,BUENO,SI,
650,CONVERSIÓN,ANTIOQUIA ,4,TECNICA,MALO ,SI,
710,KICK-OFF,ANTIOQUIA ,2,TACTICA,BUENO,NO,D
727,ERROR DE MANOS ,SANTANDER,7,TECNICA,MALO ,NO,
737,VUELTA,ANTIOQUIA ,6,TACTICA,REGULAR,SI,
750,TRY,ANTIOQUIA ,7,TACTICA,BUENO,SI,
804,CONVERSIÓN,ANTIOQUIA ,4,TECNICA,BUENO,SI,
,,,,,,,
,,,,,,,
MINUTO ,ACCION,EQUIPO,#,OBSERVACION,EJECUCION ,FORZADO ,
1,KICK-OFF,NORTE,-,TECNICA,BUENO,NO,
10,JUEGO RAPIDO ,VALLE,4,TACTICA,REGULAR,NO,
21,VUELTA,VALLE,4,DESICION ,MALO ,NO,
55,ERROR TACTICO,NORTE,6,DESICION ,REGULAR,NO,
101,ERROR DE MANOS ,NORTE,3,TECNICA,MALO ,NO,
111,JUEGO CON EL PIE ,NORTE,5,TACTICA,REGULAR,NO,
123,JUEGO CON EL PIE ,VALLE,3,TACTICA,MALO ,NO,
131,ERROR DE MANOS ,NORTE,1,DESICION ,MALO ,NO,
144,SCRUM,NORTE,1,REGLAMENTO,REGULAR,SI,
215,ERROR DE MANOS ,NORTE,4,TACTICA,MALO ,SI,
218,COMPLETA ,NORTE,7,TACTICA,BUENO,NO,
223,JUEGO CON EL PIE ,NORTE,7,DESICION ,MALO ,NO,
231,SCRUM,VALLE,1,REGLAMENTO,REGULAR,SI,
304,VUELTA,VALLE,5,TACTICA,REGULAR,SI,
308,ERROR DE MANOS ,VALLE,5,TECNICA,MALO ,NO,
322,QUIEBRE,VALLE,5,FISICO ,BUENO,SI,
325,JUEGO RAPIDO ,VALLE,2,TACTICA,REGULAR,NO,
331,COMPLETA ,VALLE,3,TACTICA,MALO ,NO,
352,KNOCK-ON,VALLE,7,TECNICA,MALO ,NO,
420,SCRUM,NORTE,4,REGLAMENTO,BUENO,NO,
425,JUEGO CON EL PIE ,NORTE,6,TACTICA,REGULAR,NO,
503,COMPLETA ,VALLE,7,TACTICA,BUENO,NO,
515,TRY,VALLE,7,FISICO ,BUENO,NO,
516,CONVERSIÓN,VALLE,4,REGLAMENTO,BUENO,NA,
520,PENAL AMARILLA ,NORTE,7,REGLAMENTO,REGULAR,NO,
540,KICK-OFF,VALLE,1,TACTICA,REGULAR,NO,I
604,ERROR DE MANOS ,NORTE,2,TECNICA,MALO ,SI,
610,KICK-OFF,VALLE,7,DESICION ,REGULAR,SI,
630,SCRUM,NORTE,4,REGLAMENTO,BUENO,NO,
640,KNOCK-ON,NORTE,4,TECNICA,MALO ,SI,
651,KNOCK-ON,VALLE,6,TECNICA,MALO ,NO,
701,ERROR DE MANOS ,VALLE,6,TECNICA,MALO ,NO,
732,PENAL,NORTE,2,FISICO ,MALO ,SI,
 ,,,,,,,
1,KICK-OFF,VALLE,2,TECNICA,BUENO,NO,D
21,ERROR DE MANOS ,NORTE,6,TECNICA,MALO ,NO,
29,QUIEBRE,NORTE,7,TACTICA,BUENO,SI,
32,JUEGO CON EL PIE ,NORTE,7,DESICION ,REGULAR,NO,
38,PENAL,VALLE,4,REGLAMENTO,MALO ,SI,
52,TRY,NORTE,6,FISICO ,BUENO,SI,
118,CONVERSIÓN,NORTE,4,TECNICA,MALO ,SI,
130,KICK-OFF,NORTE,1,TACTICA,BUENO,NO,I
144,ERROR DE MANOS ,VALLE,6,TECNICA,MALO ,SI,
201,KNOCK-ON,NORTE,7,TECNICA,MALO ,SI,
210,SCRUM,VALLE,4,TACTICA,BUENO,SI,
225,VENTAJA,VALLE,5,TACTICA,REGULAR,NO,
239,QUIEBRE,VALLE,4,TECNICA,BUENO,SI,
244,PENAL,VALLE,4,REGLAMENTO,MALO ,SI,
252,JUEGO RAPIDO ,NORTE,2,TACTICA,REGULAR,NO,
254,JUEGO CON EL PIE ,NORTE,6,TACTICA,REGULAR,NO,
304,PENAL,NORTE,7,REGLAMENTO,MALO ,NO,
311,JUEGO RAPIDO ,VALLE,4,TACTICA,REGULAR,NO,
323,JUEGO CON EL PIE ,VALLE,6,TACTICA,REGULAR,NO,
331,PENAL,VALLE,7,REGLAMENTO,MALO ,NO,
341,JUEGO RAPIDO ,NORTE,2,TACTICA,BUENO,NO,
345,QUIEBRE,NORTE,5,TACTICA,BUENO,SI,
401,TRY,NORTE,6,TACTICA,BUENO,SI,
410,CONVERSIÓN,NORTE,4,TECNICA,BUENO,NO,
450,KICK-OFF,NORTE,-,TACTICA,BUENO,NO,
510,JUEGO RAPIDO ,VALLE,4,TACTICA,REGULAR,NO,
514,KNOCK-ON,VALLE,6,TECNICA,MALO ,SI,
520,SCRUM,NORTE,4,REGLAMENTO,BUENO,SI,
550,ERROR DE MANOS ,NORTE,6,DESICION ,MALO ,NO,
603,PENAL,NORTE,7,TECNICA,MALO ,SI,
610,PENAL AMARILLA ,NORTE,6,REGLAMENTO,MALO ,NO,
620,SCRUM,VALLE,4,TACTICA,BUENO,NO,
647,ERROR DE MANOS ,VALLE,5,TECNICA,MALO ,NO,
705,TRY,VALLE,5,TACTICA,REGULAR,NO,
720,CONVERSIÓN,VALLE,4,TECNICA,BUENO,NO,